timestamp,sentiment_score,confidence
2025-06-27 18:38:24.632161,0.5840796523832693,0.8060568385681983
2025-06-27 19:38:24.632161,0.43412336339103713,0.8263703593006849
2025-06-27 20:38:24.632161,0.40319278034735323,0.9596523707920277
2025-06-27 21:38:24.632161,0.5883518132551212,0.9862144344105324
2025-06-27 22:38:24.632161,0.8075519451265931,0.9831805555184203
2025-06-27 23:38:24.632161,0.46106124868967213,0.9783766981030587
2025-06-28 00:38:24.632161,0.536293949861601,0.9566575619756723
2025-06-28 01:38:24.632161,0.7685178724873918,0.8405303542574464
2025-06-28 02:38:24.632161,0.6314579365756622,0.8815199060364043
2025-06-28 03:38:24.632161,0.7491942906291627,0.9269867080620835
2025-06-28 04:38:24.632161,0.8548173764560993,0.918665540552954
2025-06-28 05:38:24.632161,0.8353328876816393,0.850263870257199
2025-06-28 06:38:24.632161,0.7868923386764285,0.8320104635413701
2025-06-28 07:38:24.632161,0.7981768566165308,0.9653022368415698
2025-06-28 08:38:24.632161,0.8026448148907778,0.8563610446227788
2025-06-28 09:38:24.632161,0.8233937384852451,0.9213187662546829
2025-06-28 10:38:24.632161,0.928960670561562,0.9089599918911747
2025-06-28 11:38:24.632161,0.6819704088298192,0.9858981224179503
2025-06-28 12:38:24.632161,0.6640386549835888,0.945021974668377
2025-06-28 13:38:24.632161,0.8367045732766247,0.8601756635721765
2025-06-28 14:38:24.632161,0.70170574419758,0.8023993358125352
2025-06-28 15:38:24.632161,0.6094642002341244,0.9938281320322562
2025-06-28 16:38:24.632161,0.8959334316495066,0.8515704444755757
2025-06-28 17:38:24.632161,0.741843930776707,0.9493236263267252
2025-06-28 18:38:24.632161,0.5134579004945251,0.9941338452392925
2025-06-28 19:38:24.632161,0.8470618856399647,0.8987687428292812
2025-06-28 20:38:24.632161,0.7203099896062661,0.9517918122232039
2025-06-28 21:38:24.632161,0.5946748587685801,0.90735080723513
2025-06-28 22:38:24.632161,0.5972523221588383,0.9133014128375552
2025-06-28 23:38:24.632161,0.665984930406152,0.8764305694395091
2025-06-29 00:38:24.632161,0.39013557261736287,0.8770984355084714
2025-06-29 01:38:24.632161,0.6134150811333372,0.9932652526414538
2025-06-29 02:38:24.632161,0.472528934850933,0.879645848493585
2025-06-29 03:38:24.632161,0.42740318242129194,0.8189031288139093
2025-06-29 04:38:24.632161,0.6441435771428594,0.9502053387226657
2025-06-29 05:38:24.632161,0.524995702771587,0.9951936233231604
2025-06-29 06:38:24.632161,0.28014354915930084,0.8177048486491566
2025-06-29 07:38:24.632161,0.3678178979601808,0.9555093727300743
2025-06-29 08:38:24.632161,0.2161648770534363,0.8506719945367068
2025-06-29 09:38:24.632161,0.338259950725473,0.9500480774585037
2025-06-29 10:38:24.632161,0.4685133931365423,0.842001734257582
2025-06-29 11:38:24.632161,0.40671719160423214,0.9258115963315423
2025-06-29 12:38:24.632161,0.2786681308743798,0.9473434649636099
2025-06-29 13:38:24.632161,0.25334801913161004,0.9152751302018033
2025-06-29 14:38:24.632161,0.19692197237148312,0.8453796486235245
2025-06-29 15:38:24.632161,0.4115236226660453,0.9764413945543872
2025-06-29 16:38:24.632161,0.44183041958060176,0.9980217827506366
2025-06-29 17:38:24.632161,0.28301221273277877,0.9970031356545281
2025-06-29 18:38:24.632161,0.15567722865350053,0.8792295076089687
2025-06-29 19:38:24.632161,0.2136858751073445,0.9874586560101779
2025-06-29 20:38:24.632161,0.2257135045055535,0.903089872034939
2025-06-29 21:38:24.632161,0.14053523493540826,0.8510705826735401
2025-06-29 22:38:24.632161,0.24896638550654276,0.8460456566889353
2025-06-29 23:38:24.632161,0.3030317264886152,0.8768096395676673
2025-06-30 00:38:24.632161,0.17163820675846903,0.9759212404122363
2025-06-30 01:38:24.632161,0.3939012780128649,0.8331347795915248
2025-06-30 02:38:24.632161,0.24395887741754663,0.8208357677518997
2025-06-30 03:38:24.632161,0.2905862386403325,0.8600630846927854
2025-06-30 04:38:24.632161,0.2912982634225897,0.9238259368944408
2025-06-30 05:38:24.632161,0.3007246440875481,0.9490691392815706
2025-06-30 06:38:24.632161,0.540957427855346,0.9035309363779755
2025-06-30 07:38:24.632161,0.5902852243644553,0.8758417122807519
2025-06-30 08:38:24.632161,0.4164553157649192,0.8460024544213203
2025-06-30 09:38:24.632161,0.61672513458064,0.8620190349135226
2025-06-30 10:38:24.632161,0.3915601753898378,0.9215142492410974
2025-06-30 11:38:24.632161,0.5342685053284645,0.9768418405023792
2025-06-30 12:38:24.632161,0.47319758254039923,0.9593737532449809
2025-06-30 13:38:24.632161,0.8367208852211685,0.9496077245749058
2025-06-30 14:38:24.632161,0.7767368880763486,0.9459685720635983
2025-06-30 15:38:24.632161,0.509510370453882,0.8490926516038882
2025-06-30 16:38:24.632161,0.616022146813489,0.9975360556613667
2025-06-30 17:38:24.632161,0.6911893648122581,0.8171755300846272
2025-06-30 18:38:24.632161,0.730326293871616,0.9730543667089079
2025-06-30 19:38:24.632161,0.6273904473255777,0.8711764045895919
2025-06-30 20:38:24.632161,0.8425578177252722,0.9277328154319359
2025-06-30 21:38:24.632161,0.8927014592291684,0.9690034501933681
2025-06-30 22:38:24.632161,0.8230437514404159,0.8406156096398959
2025-06-30 23:38:24.632161,0.8217835461737619,0.8638458133754101
2025-07-01 00:38:24.632161,0.7306032690003915,0.9459158510569182
2025-07-01 01:38:24.632161,0.7670794708961847,0.8272341785374147
2025-07-01 02:38:24.632161,0.8169969955934397,0.9650704425663953
2025-07-01 03:38:24.632161,0.8218992931255477,0.9191243355661542
2025-07-01 04:38:24.632161,0.7813618777652217,0.997664523697493
2025-07-01 05:38:24.632161,0.8714884935103492,0.8206830085538899
2025-07-01 06:38:24.632161,0.8080382082244009,0.916129213644239
2025-07-01 07:38:24.632161,0.8525094874505557,0.9451621061722243
2025-07-01 08:38:24.632161,0.7306959543294338,0.8350761925887971
2025-07-01 09:38:24.632161,0.7086215507689855,0.8394071859505939
2025-07-01 10:38:24.632161,0.7656868741986821,0.8951535018005021
2025-07-01 11:38:24.632161,0.5539392276926098,0.9515807071168035
2025-07-01 12:38:24.632161,0.9098433348848084,0.8222133173187165
2025-07-01 13:38:24.632161,0.526417966021844,0.9553116569352066
2025-07-01 14:38:24.632161,0.48755856507574663,0.8657156155600805
2025-07-01 15:38:24.632161,0.6437163621399904,0.8439362901146271
2025-07-01 16:38:24.632161,0.5660645985274985,0.9218295476368505
2025-07-01 17:38:24.632161,0.5519507449563976,0.8477644206259395
2025-07-01 18:38:24.632161,0.4605919569747395,0.8716180255588954
2025-07-01 19:38:24.632161,0.32669947629056373,0.8889891564336293
2025-07-01 20:38:24.632161,0.5618007040041793,0.9296403439765156
2025-07-01 21:38:24.632161,0.46428127336510433,0.8521713173641665
2025-07-01 22:38:24.632161,0.27939143233822245,0.9829164334591978
2025-07-01 23:38:24.632161,0.403959858967105,0.8433487146539094
2025-07-02 00:38:24.632161,0.2404302368060287,0.9714109304945991
2025-07-02 01:38:24.632161,0.23335884756012942,0.8235601583522959
2025-07-02 02:38:24.632161,0.2228173324985374,0.9270657013193919
2025-07-02 03:38:24.632161,0.17035573784236768,0.9421492747557392
2025-07-02 04:38:24.632161,0.2341622273494857,0.8786835573521952
2025-07-02 05:38:24.632161,0.31546631151752447,0.871766752366893
2025-07-02 06:38:24.632161,0.25317460721584883,0.9810858027450279
2025-07-02 07:38:24.632161,0.2749227795888756,0.9928070911463229
2025-07-02 08:38:24.632161,0.22794369266036413,0.9263641614729666
2025-07-02 09:38:24.632161,0.013364756030971398,0.8327697893552916
2025-07-02 10:38:24.632161,0.4488939101787317,0.910982869085591
2025-07-02 11:38:24.632161,0.33558549153521616,0.9509921409665382
2025-07-02 12:38:24.632161,0.257450540379535,0.8938959023155261
2025-07-02 13:38:24.632161,0.13401580086786385,0.9793916319015449
2025-07-02 14:38:24.632161,0.32242465905575957,0.8706505988359814
2025-07-02 15:38:24.632161,0.27447356011238383,0.9933789412779982
2025-07-02 16:38:24.632161,0.31440494434915256,0.870741986663805
2025-07-02 17:38:24.632161,0.4145665220834131,0.875184671490512
2025-07-02 18:38:24.632161,0.38161458236375945,0.8803175170938642
2025-07-02 19:38:24.632161,0.5091631904303817,0.927210992282433
2025-07-02 20:38:24.632161,0.35224383178871455,0.9607299798585109
2025-07-02 21:38:24.632161,0.2731089371457688,0.8702198069999115
2025-07-02 22:38:24.632161,0.44902956900966723,0.9993257190849244
2025-07-02 23:38:24.632161,0.442716022832261,0.8698041991309838
2025-07-03 00:38:24.632161,0.5645954898074625,0.9002424897941413
2025-07-03 01:38:24.632161,0.46046440344503603,0.9530243606931773
2025-07-03 02:38:24.632161,0.5292735232344717,0.9365658340879485
2025-07-03 03:38:24.632161,0.656927255220869,0.9215202473267513
2025-07-03 04:38:24.632161,0.6050532204221758,0.810374086142132
2025-07-03 05:38:24.632161,0.7612040915810843,0.9148372254545024
2025-07-03 06:38:24.632161,0.599940901511744,0.9531677775781952
2025-07-03 07:38:24.632161,0.5911725842956803,0.8646553844936324
2025-07-03 08:38:24.632161,0.7927837271643383,0.8092810577921999
2025-07-03 09:38:24.632161,0.6170141623712914,0.8341193719917495
2025-07-03 10:38:24.632161,0.5831094524354554,0.8694331638366727
2025-07-03 11:38:24.632161,0.6605571071128977,0.8217110026239324
2025-07-03 12:38:24.632161,0.9003950531341027,0.8827688403594791
2025-07-03 13:38:24.632161,0.736830564528526,0.917234236963137
2025-07-03 14:38:24.632161,0.7623189546322304,0.8700674466136266
2025-07-03 15:38:24.632161,0.8783476835380154,0.9755375698957718
2025-07-03 16:38:24.632161,0.8995833391933282,0.9364006968335326
2025-07-03 17:38:24.632161,0.8772512335330722,0.8211584489583074
2025-07-03 18:38:24.632161,0.8600586613724677,0.881879286299464
2025-07-03 19:38:24.632161,0.7194150399001225,0.9367533935728967
2025-07-03 20:38:24.632161,0.7828466399716022,0.8253232599119813
2025-07-03 21:38:24.632161,0.6287463177009293,0.9072334330716232
2025-07-03 22:38:24.632161,0.7070627060796686,0.9335938734348862
2025-07-03 23:38:24.632161,0.5582046487214831,0.9754149163321238
2025-07-04 00:38:24.632161,0.803827407410805,0.9025095836835526
2025-07-04 01:38:24.632161,0.6365785444340125,0.9724417143525881
2025-07-04 02:38:24.632161,0.6572363525990131,0.8625077266000658
2025-07-04 03:38:24.632161,0.8304275044743775,0.9937818175237312
2025-07-04 04:38:24.632161,0.5424679105298503,0.8333447186118093
2025-07-04 05:38:24.632161,0.684686147696824,0.9559070837186588
2025-07-04 06:38:24.632161,0.40075700664348535,0.9286870707878703
2025-07-04 07:38:24.632161,0.39908045009023163,0.91870142805174
2025-07-04 08:38:24.632161,0.4815719352527181,0.9080729745147854
2025-07-04 09:38:24.632161,0.4571306018498555,0.985513168367931
2025-07-04 10:38:24.632161,0.5235990087975126,0.9681885304195713
2025-07-04 11:38:24.632161,0.41454079991111575,0.9838389717899073
2025-07-04 12:38:24.632161,0.3718275354457044,0.8936785182342099
2025-07-04 13:38:24.632161,0.26266303386455436,0.8981084766929346
2025-07-04 14:38:24.632161,0.43197967528980213,0.8636865794833878
2025-07-04 15:38:24.632161,0.27180369176703056,0.8925502163259558
2025-07-04 16:38:24.632161,0.20248309986247526,0.932084016668775
2025-07-04 17:38:24.632161,0.1716888207657864,0.8233871876501324
2025-07-04 18:38:24.632161,0.24595474524514901,0.8087546055926027
2025-07-04 19:38:24.632161,0.08513320281771855,0.8253853998840783
2025-07-04 20:38:24.632161,0.08179664244539966,0.9873030898528008
2025-07-04 21:38:24.632161,0.07481264324247039,0.8051682278144047
2025-07-04 22:38:24.632161,0.38198258894423887,0.9575774134363323
2025-07-04 23:38:24.632161,0.3493399335472597,0.9903501031645202
2025-07-05 00:38:24.632161,0.1169722859488504,0.9342596961040355
2025-07-05 01:38:24.632161,0.009652766359979637,0.9934543244688354
2025-07-05 02:38:24.632161,0.24703834932340263,0.9713447143342044
2025-07-05 03:38:24.632161,0.300362654310378,0.8170408861782873
2025-07-05 04:38:24.632161,0.2850097414939198,0.9771123247467334
2025-07-05 05:38:24.632161,0.14440891335152878,0.9265560619983592
2025-07-05 06:38:24.632161,0.2023036536681599,0.932972098182676
2025-07-05 07:38:24.632161,0.32560151720893593,0.8908693434738383
2025-07-05 08:38:24.632161,0.18586743939141273,0.9162971883326341
2025-07-05 09:38:24.632161,0.45890231676484067,0.8848138593661979
2025-07-05 10:38:24.632161,0.255475406635991,0.879164970723457
2025-07-05 11:38:24.632161,0.4162229688580498,0.8748557314513709
2025-07-05 12:38:24.632161,0.5156826062414759,0.9817717369462666
2025-07-05 13:38:24.632161,0.5581165234026875,0.9264111184566396
2025-07-05 14:38:24.632161,0.589627182001887,0.8993995287067253
2025-07-05 15:38:24.632161,0.446709119962113,0.8386986421258158
2025-07-05 16:38:24.632161,0.4872430443091649,0.8356306662492259
2025-07-05 17:38:24.632161,0.6132124104149874,0.9517511856870295
2025-07-05 18:38:24.632161,0.6734053329426138,0.8586650248834232
2025-07-05 19:38:24.632161,0.6960234457069987,0.9733174914743038
2025-07-05 20:38:24.632161,0.7349119460301673,0.9417210969493781
2025-07-05 21:38:24.632161,0.7336621889833995,0.9159192917492682
2025-07-05 22:38:24.632161,0.7373665050129818,0.9380921550916369
2025-07-05 23:38:24.632161,0.6647758022058985,0.8624982266573721
2025-07-06 00:38:24.632161,0.7798328888556764,0.9118812477086831
2025-07-06 01:38:24.632161,0.9272954290245232,0.8735209357571425
2025-07-06 02:38:24.632161,0.7477698416762254,0.9537663306672117
2025-07-06 03:38:24.632161,0.7493852666062513,0.8542883100993788
2025-07-06 04:38:24.632161,0.8540997730584154,0.9853844009149988
2025-07-06 05:38:24.632161,0.6835917192468279,0.9199425469267875
2025-07-06 06:38:24.632161,0.8177389226353915,0.8727405860964152
2025-07-06 07:38:24.632161,0.9098329682863336,0.896492889832792
2025-07-06 08:38:24.632161,0.8138437644624086,0.9691709844716728
2025-07-06 09:38:24.632161,0.8064083942911425,0.9194448805500023
2025-07-06 10:38:24.632161,0.5833922448938416,0.8006721710363859
2025-07-06 11:38:24.632161,0.7422989281744388,0.9528970541721913
2025-07-06 12:38:24.632161,0.6587309107606617,0.9686962449694089
2025-07-06 13:38:24.632161,0.6125352097284793,0.8104502314245242
2025-07-06 14:38:24.632161,0.7061184669155046,0.820424525030364
2025-07-06 15:38:24.632161,0.7614089818731392,0.9348322734482375
2025-07-06 16:38:24.632161,0.6526473561009257,0.9382715808061333
2025-07-06 17:38:24.632161,0.7344813453912205,0.9958725440378589
2025-07-06 18:38:24.632161,0.6826880720024843,0.8590474218694354
2025-07-06 19:38:24.632161,0.5308387940756545,0.885267519998032
2025-07-06 20:38:24.632161,0.5140548693803949,0.8010178064856566
2025-07-06 21:38:24.632161,0.3537278318161017,0.8606877694660543
2025-07-06 22:38:24.632161,0.7040515759514903,0.9274722782351819
2025-07-06 23:38:24.632161,0.3818972056861051,0.9167571236940986
2025-07-07 00:38:24.632161,0.4594192146707702,0.87839396474822
2025-07-07 01:38:24.632161,0.3988091917179952,0.8433787882478117
2025-07-07 02:38:24.632161,0.5411297998504718,0.8024467145644533
2025-07-07 03:38:24.632161,0.38897290922407407,0.8552688014791096
2025-07-07 04:38:24.632161,0.3312571242130146,0.8816976609159829
2025-07-07 05:38:24.632161,0.43592362921769146,0.9861802559164624
2025-07-07 06:38:24.632161,0.3045771567540862,0.8684377432487554
2025-07-07 07:38:24.632161,0.1865540104642437,0.8141646796585852
2025-07-07 08:38:24.632161,0.30188098498481775,0.8056553867709115
2025-07-07 09:38:24.632161,0.1067074923850909,0.9184497630778703
2025-07-07 10:38:24.632161,0.12934410359501747,0.8930128867825957
2025-07-07 11:38:24.632161,0.17178439878001345,0.8785900872356811
2025-07-07 12:38:24.632161,0.09397664435620957,0.9821219099285811
2025-07-07 13:38:24.632161,0.17258378734610472,0.9587084551333988
2025-07-07 14:38:24.632161,0.0,0.8896331655199455
2025-07-07 15:38:24.632161,0.2219436180818002,0.9803762350610221
2025-07-07 16:38:24.632161,0.2583396536172786,0.8036381265654311
2025-07-07 17:38:24.632161,0.16570649983350944,0.9841143986284171
2025-07-07 18:38:24.632161,0.0728643790204255,0.8005713005634365
2025-07-07 19:38:24.632161,0.24255703134558643,0.9119092937489549
2025-07-07 20:38:24.632161,0.32706111969033613,0.8562338562904095
2025-07-07 21:38:24.632161,0.14562761191586623,0.8176048058380454
2025-07-07 22:38:24.632161,0.584467818415088,0.8905180051079102
2025-07-07 23:38:24.632161,0.3449298605124519,0.8916071108659563
2025-07-08 00:38:24.632161,0.4206809059091884,0.8265135077725316
2025-07-08 01:38:24.632161,0.6226949227776845,0.8394171292970065
2025-07-08 02:38:24.632161,0.44508687978834294,0.9057196824333933
2025-07-08 03:38:24.632161,0.35097664738727147,0.8859710247061857
2025-07-08 04:38:24.632161,0.39897626213048515,0.9136213326181922
2025-07-08 05:38:24.632161,0.5951911727828836,0.8148815202980397
2025-07-08 06:38:24.632161,0.6056456165065129,0.9604759258593765
2025-07-08 07:38:24.632161,0.656979096168335,0.9768951916033108
2025-07-08 08:38:24.632161,0.641197174433253,0.8691309197923449
2025-07-08 09:38:24.632161,0.6541344596460656,0.868667472402988
2025-07-08 10:38:24.632161,0.42422626798052887,0.9732003060517601
2025-07-08 11:38:24.632161,0.737847454385907,0.8646822264854733
2025-07-08 12:38:24.632161,0.7260215639814609,0.8085243619465934
2025-07-08 13:38:24.632161,0.6080067323185765,0.8758203812332976
2025-07-08 14:38:24.632161,0.6678451871175246,0.9862630958147067
2025-07-08 15:38:24.632161,0.8385286327707526,0.9911649333233276
2025-07-08 16:38:24.632161,1.0,0.9672333630540957
2025-07-08 17:38:24.632161,0.8875236575729607,0.8985610511576181
2025-07-08 18:38:24.632161,0.9575757933788898,0.9315319021697764
2025-07-08 19:38:24.632161,0.6545702147001453,0.9501791643392333
2025-07-08 20:38:24.632161,0.9172053378290015,0.9349119341777505
2025-07-08 21:38:24.632161,0.8813268684587963,0.8960890477000358
2025-07-08 22:38:24.632161,0.8325651923316827,0.8061558302775367
2025-07-08 23:38:24.632161,0.7507962722541202,0.998500018352268
2025-07-09 00:38:24.632161,0.8375105800253884,0.9933213543708908
2025-07-09 01:38:24.632161,0.8739694352497118,0.9224940562912419
2025-07-09 02:38:24.632161,0.7726186267055819,0.8554408371313886
2025-07-09 03:38:24.632161,0.6821907968685492,0.8738955055968874
2025-07-09 04:38:24.632161,0.8819369091953329,0.9005858428741913
2025-07-09 05:38:24.632161,0.6874302846835632,0.8949360581650159
2025-07-09 06:38:24.632161,0.7248958510756477,0.8496781708870632
2025-07-09 07:38:24.632161,0.4763259324866339,0.8521987630816457
2025-07-09 08:38:24.632161,0.5627970225640302,0.8102799345878224
2025-07-09 09:38:24.632161,0.7309733722551424,0.8687354571789963
2025-07-09 10:38:24.632161,0.6935107307144202,0.9923873362784723
2025-07-09 11:38:24.632161,0.6015704210921381,0.9492440842949952
2025-07-09 12:38:24.632161,0.34818180787765235,0.8259259980341779
2025-07-09 13:38:24.632161,0.4306386461250418,0.9255372868892229
2025-07-09 14:38:24.632161,0.6653547910131834,0.8474266312910139
2025-07-09 15:38:24.632161,0.4441611843092194,0.8647288336219892
2025-07-09 16:38:24.632161,0.49677077023831084,0.8342459629726694
2025-07-09 17:38:24.632161,0.3113355415284413,0.9216944234048992
2025-07-09 18:38:24.632161,0.35648298884627816,0.8127827951506112
2025-07-09 19:38:24.632161,0.2607202082193637,0.8351753181575975
2025-07-09 20:38:24.632161,0.2693703933886044,0.8687462835415458
2025-07-09 21:38:24.632161,0.199872034546821,0.9652838561456514
2025-07-09 22:38:24.632161,0.24594783691014505,0.920702358162826
2025-07-09 23:38:24.632161,0.2339678376870045,0.9374901399200014
2025-07-10 00:38:24.632161,0.3083016933647399,0.9552113136013288
2025-07-10 01:38:24.632161,0.05990191519448379,0.8695105878152225
2025-07-10 02:38:24.632161,0.0918751983456794,0.8047293602140361
2025-07-10 03:38:24.632161,0.21155522983581232,0.9962735949621659
2025-07-10 04:38:24.632161,0.0937793080898363,0.9946490266346176
2025-07-10 05:38:24.632161,0.10396076525991499,0.9456467047526234
2025-07-10 06:38:24.632161,0.37166907805856186,0.9419853133390805
2025-07-10 07:38:24.632161,0.2816182245174973,0.9526671760585965
2025-07-10 08:38:24.632161,0.2047636416869658,0.8590260635666034
2025-07-10 09:38:24.632161,0.16134485644240387,0.8141139277034012
2025-07-10 10:38:24.632161,0.42263789316899386,0.8356995359948838
2025-07-10 11:38:24.632161,0.1284261850598615,0.8610053487775708
2025-07-10 12:38:24.632161,0.38715408940257,0.9737570926346448
2025-07-10 13:38:24.632161,0.4884837990805734,0.9582461939300767
2025-07-10 14:38:24.632161,0.33581757897047404,0.9396934732823253
2025-07-10 15:38:24.632161,0.3957456004410799,0.9721012517628806
2025-07-10 16:38:24.632161,0.42867213923090997,0.900051241874795
2025-07-10 17:38:24.632161,0.4843322508210759,0.8546413776461458
2025-07-10 18:38:24.632161,0.4662451421196865,0.9675813903916959
2025-07-10 19:38:24.632161,0.506914701570758,0.8281578636294409
2025-07-10 20:38:24.632161,0.4232316007518938,0.9676703944601122
2025-07-10 21:38:24.632161,0.34770786313775104,0.9785773345429312
2025-07-10 22:38:24.632161,0.6532244288247421,0.8155628412305127
2025-07-10 23:38:24.632161,0.4706432905987566,0.8819146543937523
2025-07-11 00:38:24.632161,0.7711110070824465,0.9783944473674242
2025-07-11 01:38:24.632161,0.6316520714556161,0.8674566471648912
2025-07-11 02:38:24.632161,0.8810754211333258,0.865737445789363
2025-07-11 03:38:24.632161,0.7301555166078744,0.9971076426348089
2025-07-11 04:38:24.632161,0.6741088909909168,0.9015892461998097
2025-07-11 05:38:24.632161,0.8016577650053365,0.846168122649449
2025-07-11 06:38:24.632161,0.9492236110879751,0.8171042185585976
2025-07-11 07:38:24.632161,0.7809358667323264,0.9740234409614544
2025-07-11 08:38:24.632161,0.7886227718199234,0.8051183014499007
2025-07-11 09:38:24.632161,0.7898164039216746,0.9662996702196465
2025-07-11 10:38:24.632161,0.7552377351666224,0.8670611270166814
2025-07-11 11:38:24.632161,0.8303216458629461,0.9769592406088345
2025-07-11 12:38:24.632161,0.550898384202098,0.9810992864501684
2025-07-11 13:38:24.632161,0.8446390513319938,0.8186689048954123
2025-07-11 14:38:24.632161,1.0,0.9217082878030025
2025-07-11 15:38:24.632161,0.747772480830421,0.8528552908817784
2025-07-11 16:38:24.632161,0.949126107285646,0.9169770814653397
2025-07-11 17:38:24.632161,0.8142793570222765,0.9368924451954646
2025-07-11 18:38:24.632161,0.8160149749257019,0.889937907396994
2025-07-11 19:38:24.632161,0.6750664293616077,0.9974447688209138
2025-07-11 20:38:24.632161,0.6997627718047567,0.8360950104610222
2025-07-11 21:38:24.632161,0.6579600310836721,0.9111219053988108
2025-07-11 22:38:24.632161,0.7398966457641646,0.9763731724675038
2025-07-11 23:38:24.632161,0.5447426127227475,0.8421768707164222
2025-07-12 00:38:24.632161,0.5122580688474474,0.8441939004887071
2025-07-12 01:38:24.632161,0.37975839362268315,0.8850629736102295
2025-07-12 02:38:24.632161,0.6182916717815701,0.8997752824960175
2025-07-12 03:38:24.632161,0.4018958861772648,0.9576120891925819
2025-07-12 04:38:24.632161,0.4931770090443375,0.8519046645954269
2025-07-12 05:38:24.632161,0.25933710085333306,0.9868947860493263
2025-07-12 06:38:24.632161,0.2980576171213186,0.8545531318420059
2025-07-12 07:38:24.632161,0.40797937611453833,0.8165803928248121
2025-07-12 08:38:24.632161,0.3741333753705593,0.867424584505121
2025-07-12 09:38:24.632161,0.2979759126602018,0.9927546910520614
2025-07-12 10:38:24.632161,0.36752181207437795,0.8631942884385806
2025-07-12 11:38:24.632161,0.24429718998647,0.8447074772117411
2025-07-12 12:38:24.632161,0.420376674191703,0.998276294970118
2025-07-12 13:38:24.632161,0.3528910227571027,0.9186414817649774
2025-07-12 14:38:24.632161,0.36224069065202413,0.9496347585956177
2025-07-12 15:38:24.632161,0.3553713942669635,0.8217557460465228
2025-07-12 16:38:24.632161,0.22360784639930742,0.9299111042042432
2025-07-12 17:38:24.632161,0.2737391411986443,0.806970476675626
2025-07-12 18:38:24.632161,0.20969349172903382,0.9126726225989258
2025-07-12 19:38:24.632161,0.25334649722572894,0.988711063246076
2025-07-12 20:38:24.632161,0.21316954817048642,0.8037801454662835
2025-07-12 21:38:24.632161,0.22700028692250968,0.8479686297476677
2025-07-12 22:38:24.632161,0.375659074720176,0.9402659460977378
2025-07-12 23:38:24.632161,0.04748515451189517,0.8420420787913799
2025-07-13 00:38:24.632161,0.2597371966608507,0.9269997638521155
2025-07-13 01:38:24.632161,0.27397772108945717,0.9842187821031397
2025-07-13 02:38:24.632161,0.20923939808988265,0.9597353732620721
2025-07-13 03:38:24.632161,0.34785980706262865,0.990640415750621
2025-07-13 04:38:24.632161,0.3090272762928079,0.9547786277956969
2025-07-13 05:38:24.632161,0.2860695151359659,0.9580876205092509
2025-07-13 06:38:24.632161,0.3778828735835547,0.9301928644140791
2025-07-13 07:38:24.632161,0.5551318727612546,0.9399864371306228
2025-07-13 08:38:24.632161,0.6682350768307974,0.9692736106915147
2025-07-13 09:38:24.632161,0.4260140199092897,0.8625758042291655
2025-07-13 10:38:24.632161,0.44505167293548503,0.9374872799553586
2025-07-13 11:38:24.632161,0.5014592186064976,0.8390770929229684
2025-07-13 12:38:24.632161,0.38311440454399126,0.8047067429156985
2025-07-13 13:38:24.632161,0.5502180894556993,0.8966441103396033
2025-07-13 14:38:24.632161,0.4131890977466656,0.8417612319857741
2025-07-13 15:38:24.632161,0.44060776121493883,0.989440917949636
2025-07-13 16:38:24.632161,0.5694441934642976,0.894438397260711
2025-07-13 17:38:24.632161,0.723517616317315,0.9977700163016545
2025-07-13 18:38:24.632161,0.605010171281714,0.8915284477712864
2025-07-13 19:38:24.632161,0.749505599957604,0.8936406193145625
2025-07-13 20:38:24.632161,0.7108564512179874,0.859687625377023
2025-07-13 21:38:24.632161,0.6979800198179885,0.9992096249838037
2025-07-13 22:38:24.632161,0.868800091677179,0.8852065698889648
2025-07-13 23:38:24.632161,0.7955065424371409,0.9445446300817874
2025-07-14 00:38:24.632161,0.8378158450374424,0.8910292481973068
2025-07-14 01:38:24.632161,0.7704523766956268,0.9607450994632175
2025-07-14 02:38:24.632161,0.8847079036869181,0.8810316808800072
2025-07-14 03:38:24.632161,0.6921022860607514,0.8062878845949094
2025-07-14 04:38:24.632161,0.9238067495605221,0.830352322782635
2025-07-14 05:38:24.632161,0.5723749426076895,0.8367826210385231
2025-07-14 06:38:24.632161,0.5761064225486343,0.8881481076006725
2025-07-14 07:38:24.632161,0.7262746632883426,0.8921653978645446
2025-07-14 08:38:24.632161,0.7325969102561702,0.9696330786958989
2025-07-14 09:38:24.632161,0.7127775090197085,0.8325437378620969
2025-07-14 10:38:24.632161,0.6355942658224347,0.9936473371939283
2025-07-14 11:38:24.632161,0.881527999212752,0.8132208723776475
2025-07-14 12:38:24.632161,0.6759987092584261,0.8010704741728377
2025-07-14 13:38:24.632161,0.783065081383298,0.8527320437879108
2025-07-14 14:38:24.632161,0.4599831020044988,0.8724898928027867
2025-07-14 15:38:24.632161,0.5167923880453388,0.983334381827436
2025-07-14 16:38:24.632161,0.46419812278737094,0.9522263107156226
2025-07-14 17:38:24.632161,0.35820921528371336,0.9587667131496751
2025-07-14 18:38:24.632161,0.5365400463468801,0.8965143907353552
2025-07-14 19:38:24.632161,0.4326311521103903,0.8267707786475311
2025-07-14 20:38:24.632161,0.32088133899404725,0.8764206794760036
2025-07-14 21:38:24.632161,0.3479216910536356,0.9160681095061514
2025-07-14 22:38:24.632161,0.4622683397749918,0.9356754604519892
2025-07-14 23:38:24.632161,0.5164245758898182,0.9731278241237588
2025-07-15 00:38:24.632161,0.2944659620578247,0.9004650609855145
2025-07-15 01:38:24.632161,0.25164314866395776,0.8717478588032055
2025-07-15 02:38:24.632161,0.2532527662357895,0.9950857523331279
2025-07-15 03:38:24.632161,0.20298173867776015,0.8693853510993073
2025-07-15 04:38:24.632161,0.19080807362524033,0.8206280125790323
2025-07-15 05:38:24.632161,0.39970482120589557,0.9937113476609345
2025-07-15 06:38:24.632161,0.2981038135365523,0.991574466968334
2025-07-15 07:38:24.632161,0.3040654583332385,0.8814960169034276
2025-07-15 08:38:24.632161,0.11711445438813743,0.9394241094904241
2025-07-15 09:38:24.632161,0.26848878780286667,0.8028158184375206
2025-07-15 10:38:24.632161,0.17957957939098496,0.8024185389612016
2025-07-15 11:38:24.632161,0.09897569556268922,0.8923931710900839
2025-07-15 12:38:24.632161,0.43762096085100133,0.8200773353987233
2025-07-15 13:38:24.632161,0.2559378368623934,0.8362023826254426
2025-07-15 14:38:24.632161,0.38032816264342384,0.8051800456420553
2025-07-15 15:38:24.632161,0.348217253334248,0.9080734724230077
2025-07-15 16:38:24.632161,0.07644491909138823,0.9827331250704034
2025-07-15 17:38:24.632161,0.18124550214204382,0.8371604786412911
2025-07-15 18:38:24.632161,0.354802154551147,0.8661306612119946
2025-07-15 19:38:24.632161,0.28061369205383296,0.9062694881171189
2025-07-15 20:38:24.632161,0.3803682940416348,0.8121510546179961
2025-07-15 21:38:24.632161,0.4705035009247804,0.8149739922745561
2025-07-15 22:38:24.632161,0.21050833969278804,0.9245578895006348
2025-07-15 23:38:24.632161,0.45358760876981485,0.9196384963695545
2025-07-16 00:38:24.632161,0.3952633521532977,0.9155727048981985
2025-07-16 01:38:24.632161,0.5533317491410225,0.9554726637677522
2025-07-16 02:38:24.632161,0.6338183364313053,0.8262552403147546
2025-07-16 03:38:24.632161,0.5316432135142987,0.9467795530294287
2025-07-16 04:38:24.632161,0.5483361640890914,0.873267288482393
2025-07-16 05:38:24.632161,0.6370871758420856,0.8167099354381709
2025-07-16 06:38:24.632161,0.6977859310612831,0.8080691517464736
2025-07-16 07:38:24.632161,0.8537213485833984,0.9504424053942624
2025-07-16 08:38:24.632161,0.4688053592484238,0.9752274309064155
2025-07-16 09:38:24.632161,0.8949544436365225,0.8797393638136278
2025-07-16 10:38:24.632161,0.8349822912170315,0.8744322199637025
2025-07-16 11:38:24.632161,0.8947120360474017,0.8173779875132097
2025-07-16 12:38:24.632161,0.7499114474649451,0.8962403149646714
2025-07-16 13:38:24.632161,0.7339857877936401,0.9645356536379784
2025-07-16 14:38:24.632161,0.6196374755192293,0.8924192936150307
2025-07-16 15:38:24.632161,0.7271413522922809,0.8475980960848043
2025-07-16 16:38:24.632161,0.8637461867082851,0.8469234384860622
2025-07-16 17:38:24.632161,0.7341295944931622,0.8221459022079032
2025-07-16 18:38:24.632161,0.8137442766070309,0.8120051898871332
2025-07-16 19:38:24.632161,0.8483768667327576,0.8124487932989806
2025-07-16 20:38:24.632161,0.8716274796671125,0.8136749544785971
2025-07-16 21:38:24.632161,1.0,0.8448630949946672
2025-07-16 22:38:24.632161,0.7828860973946501,0.8880650796295662
2025-07-16 23:38:24.632161,0.8298205137797217,0.8500310823840732
2025-07-17 00:38:24.632161,0.7123439456705819,0.9844733118662602
2025-07-17 01:38:24.632161,0.6184067106184004,0.8097422791355083
2025-07-17 02:38:24.632161,0.6450919427591176,0.9169564406216063
2025-07-17 03:38:24.632161,0.6645105035584229,0.8967110530801984
2025-07-17 04:38:24.632161,0.7013031391613491,0.8796355569294139
2025-07-17 05:38:24.632161,0.8234950027323037,0.9475513395623342
2025-07-17 06:38:24.632161,0.5992330000727256,0.8227752407658019
2025-07-17 07:38:24.632161,0.523124741550465,0.8872016666171667
2025-07-17 08:38:24.632161,0.49291840390654496,0.9871620697544972
2025-07-17 09:38:24.632161,0.5431181476041455,0.977700938478281
2025-07-17 10:38:24.632161,0.5105011848767143,0.8349476184710866
2025-07-17 11:38:24.632161,0.47277998561548046,0.9832384417633114
2025-07-17 12:38:24.632161,0.41224794246871993,0.9596069621595684
2025-07-17 13:38:24.632161,0.47588263778343665,0.8889895956543977
2025-07-17 14:38:24.632161,0.177742607950714,0.831893869064165
2025-07-17 15:38:24.632161,0.4022512653744823,0.9493073167628064
2025-07-17 16:38:24.632161,0.27674779652462855,0.8665798913596006
2025-07-17 17:38:24.632161,0.3363264564744114,0.9174971705728926
2025-07-17 18:38:24.632161,0.3323482083683255,0.8733206334225111
2025-07-17 19:38:24.632161,0.20573756607395072,0.9163227439639773
2025-07-17 20:38:24.632161,0.48049456720152217,0.8089350415370906
2025-07-17 21:38:24.632161,0.13445081717968238,0.8180964443075867
2025-07-17 22:38:24.632161,0.35592811382282086,0.9256018357831439
2025-07-17 23:38:24.632161,0.19874900644578758,0.820942044020774
2025-07-18 00:38:24.632161,0.30425635955208225,0.8984654300369425
2025-07-18 01:38:24.632161,0.04473375549669045,0.9884047537259645
2025-07-18 02:38:24.632161,0.25936652285527906,0.8398685101060412
2025-07-18 03:38:24.632161,0.20739842289355948,0.869107351539136
2025-07-18 04:38:24.632161,0.28113871537686097,0.9464366547913411
2025-07-18 05:38:24.632161,0.2910335947758379,0.9719222929330609
2025-07-18 06:38:24.632161,0.331963113487113,0.8917850026155025
2025-07-18 07:38:24.632161,0.393909865936918,0.8934175486658654
2025-07-18 08:38:24.632161,0.4433723011014036,0.8813327858465988
2025-07-18 09:38:24.632161,0.1580298622713724,0.8294988628173194
2025-07-18 10:38:24.632161,0.1493712277026512,0.8811697800804292
2025-07-18 11:38:24.632161,0.3010943607491818,0.8234894763187767
2025-07-18 12:38:24.632161,0.39332793646020076,0.9518217488200609
2025-07-18 13:38:24.632161,0.3584261990954121,0.8208505731449229
2025-07-18 14:38:24.632161,0.5257167236838162,0.942672544536046
2025-07-18 15:38:24.632161,0.610877969674027,0.8948897809124949
2025-07-18 16:38:24.632161,0.5680399825179125,0.8742714853045644
2025-07-18 17:38:24.632161,0.38715236117932533,0.8437905802024321
2025-07-18 18:38:24.632161,0.6846940666296719,0.8951586393072404
2025-07-18 19:38:24.632161,0.5195753969400917,0.8599728526866844
2025-07-18 20:38:24.632161,0.40043685139938034,0.922539789403793
2025-07-18 21:38:24.632161,0.5207932831491441,0.8115948892115826
2025-07-18 22:38:24.632161,0.7552440137938186,0.8794883854514344
2025-07-18 23:38:24.632161,0.747250304089672,0.8349231700014793
2025-07-19 00:38:24.632161,0.708706311623269,0.853798681326982
2025-07-19 01:38:24.632161,0.6960710707958659,0.8927779174242569
2025-07-19 02:38:24.632161,0.6260203325958101,0.9016737336921409
2025-07-19 03:38:24.632161,0.7175907998990976,0.8919187045481476
2025-07-19 04:38:24.632161,0.6346312124206931,0.8429278159706812
2025-07-19 05:38:24.632161,0.8518805471440496,0.9628690119512945
2025-07-19 06:38:24.632161,0.8917195696615154,0.8246579623510056
2025-07-19 07:38:24.632161,0.8715382572162078,0.8448079286654036
2025-07-19 08:38:24.632161,0.9095258776908288,0.9784229286336941
2025-07-19 09:38:24.632161,0.8225925309969507,0.9663819924509855
2025-07-19 10:38:24.632161,0.9004579944489599,0.8465500745767
2025-07-19 11:38:24.632161,0.5507305837036489,0.9033371312074222
2025-07-19 12:38:24.632161,0.777794986767848,0.8821133890587841
2025-07-19 13:38:24.632161,0.8397003020235181,0.9331575638064707
2025-07-19 14:38:24.632161,0.7010112967597286,0.943984290434091
2025-07-19 15:38:24.632161,0.7267582773876816,0.8561967882565648
2025-07-19 16:38:24.632161,0.7096707572897916,0.8895798385046128
2025-07-19 17:38:24.632161,0.7070795608434634,0.9901152905797711
2025-07-19 18:38:24.632161,0.5893863772736252,0.9103872094493319
2025-07-19 19:38:24.632161,0.6393847206395851,0.8176397306908131
2025-07-19 20:38:24.632161,0.71847131713473,0.9017848670657325
2025-07-19 21:38:24.632161,0.47318373044488493,0.8444653382408829
2025-07-19 22:38:24.632161,0.4848995524463897,0.8694424699179419
2025-07-19 23:38:24.632161,0.5352357146940813,0.9045672450040984
2025-07-20 00:38:24.632161,0.5711074583658313,0.8103623843392614
2025-07-20 01:38:24.632161,0.3551957861772825,0.8969619795741255
2025-07-20 02:38:24.632161,0.3872851976017608,0.9749172830637877
2025-07-20 03:38:24.632161,0.5827696674924758,0.9264385562481332
2025-07-20 04:38:24.632161,0.40022652302232914,0.9490357798426798
2025-07-20 05:38:24.632161,0.42003997835182405,0.9804322234086894
2025-07-20 06:38:24.632161,0.4430788762609831,0.9083393879176112
2025-07-20 07:38:24.632161,0.3240134658266339,0.9198397855234476
2025-07-20 08:38:24.632161,0.1723232601180748,0.9107006466697734
2025-07-20 09:38:24.632161,0.2486722147159793,0.9954896460532363
2025-07-20 10:38:24.632161,0.31739916475310737,0.928661760545926
2025-07-20 11:38:24.632161,0.31330891898208835,0.8695817346974489
2025-07-20 12:38:24.632161,0.17148263590817078,0.8012644179085301
2025-07-20 13:38:24.632161,0.15191709914806495,0.934696084179671
2025-07-20 14:38:24.632161,0.14482099894187933,0.8183700799288545
2025-07-20 15:38:24.632161,0.28176677517095094,0.8671454135643836
2025-07-20 16:38:24.632161,0.15767753224806033,0.8528204108642022
2025-07-20 17:38:24.632161,0.02276536248647068,0.8679465410690058
2025-07-20 18:38:24.632161,0.18045384987838162,0.9571036093459795
2025-07-20 19:38:24.632161,0.2818502189118675,0.925166740044892
2025-07-20 20:38:24.632161,0.3297319030329572,0.919015213919253
2025-07-20 21:38:24.632161,0.18711245622993453,0.8017237455197801
2025-07-20 22:38:24.632161,0.2581151867616389,0.8893055579170389
2025-07-20 23:38:24.632161,0.27162424483922654,0.8811015583487082
2025-07-21 00:38:24.632161,0.27907232020275197,0.9595504900191801
2025-07-21 01:38:24.632161,0.3014727670897827,0.9658034267922911
2025-07-21 02:38:24.632161,0.1664654491639529,0.9865401633335661
2025-07-21 03:38:24.632161,0.42173001115304787,0.9247924781990454
2025-07-21 04:38:24.632161,0.5041927473753035,0.8676466566465443
2025-07-21 05:38:24.632161,0.41187782651964505,0.9453102353744562
2025-07-21 06:38:24.632161,0.36098997063328936,0.9549807654508811
2025-07-21 07:38:24.632161,0.5282826525510279,0.8225053580625599
2025-07-21 08:38:24.632161,0.714691120472659,0.9456216780688186
2025-07-21 09:38:24.632161,0.5845760899359482,0.8016803048556478
2025-07-21 10:38:24.632161,0.5958253215060293,0.8013069080285818
2025-07-21 11:38:24.632161,0.5163226526414915,0.9817811301546995
2025-07-21 12:38:24.632161,0.46085144591191285,0.8787642339195199
2025-07-21 13:38:24.632161,0.6498920968974086,0.9701552821280006
2025-07-21 14:38:24.632161,0.7220201817313406,0.9171005515328974
2025-07-21 15:38:24.632161,0.8474336082615812,0.9558904243791653
2025-07-21 16:38:24.632161,0.742658345188078,0.8638705230901619
2025-07-21 17:38:24.632161,0.5923936115522228,0.8189024689953031
2025-07-21 18:38:24.632161,0.6751924400707112,0.9140207685180348
2025-07-21 19:38:24.632161,0.7988375257489259,0.917659411595452
2025-07-21 20:38:24.632161,0.8092091443891316,0.9971175681763003
2025-07-21 21:38:24.632161,0.8707476852974184,0.806198515988167
2025-07-21 22:38:24.632161,0.7250013628897493,0.922261553078518
2025-07-21 23:38:24.632161,0.9463521092327877,0.8619076144176676
2025-07-22 00:38:24.632161,0.848586591878197,0.9809240760540174
2025-07-22 01:38:24.632161,0.7195383437328633,0.836716488740007
2025-07-22 02:38:24.632161,0.7673934840098917,0.8674914964716799
2025-07-22 03:38:24.632161,0.6651144465140075,0.8776955500368196
2025-07-22 04:38:24.632161,0.8427755874180396,0.9937373928925639
2025-07-22 05:38:24.632161,0.8713851486664974,0.8370959006712845
2025-07-22 06:38:24.632161,0.5169899030765239,0.98377122178515
2025-07-22 07:38:24.632161,0.8969915143539738,0.802123846495392
2025-07-22 08:38:24.632161,0.6898205784780573,0.9251079294467195
2025-07-22 09:38:24.632161,0.6959585393254218,0.8720105111611431
2025-07-22 10:38:24.632161,0.6612817036417994,0.932562187249953
2025-07-22 11:38:24.632161,0.7280114035931823,0.9297809416121353
2025-07-22 12:38:24.632161,0.5210324502818038,0.9615412452188101
2025-07-22 13:38:24.632161,0.5359381853159471,0.8579431838368635
2025-07-22 14:38:24.632161,0.5603302960478137,0.8707407916194957
2025-07-22 15:38:24.632161,0.6039926580574957,0.9188494297947246
2025-07-22 16:38:24.632161,0.6022211771992748,0.9644676269014143
2025-07-22 17:38:24.632161,0.5326245370593539,0.8319509884435969
2025-07-22 18:38:24.632161,0.3961898565110646,0.9720900596752755
2025-07-22 19:38:24.632161,0.4420944240097208,0.8440959190735571
2025-07-22 20:38:24.632161,0.3603455449340579,0.8649332558144879
2025-07-22 21:38:24.632161,0.28498441282710346,0.9968924009895899
2025-07-22 22:38:24.632161,0.32352274718573787,0.8700151609667124
2025-07-22 23:38:24.632161,0.5534146797886409,0.8177586214833819
2025-07-23 00:38:24.632161,0.1963855953306316,0.9491333674312097
2025-07-23 01:38:24.632161,0.1896703685403698,0.9559892766002629
2025-07-23 02:38:24.632161,0.2307387924614371,0.8829872041818331
2025-07-23 03:38:24.632161,0.3219724473820259,0.9831537035418925
2025-07-23 04:38:24.632161,0.05677819481806154,0.9128928055430335
2025-07-23 05:38:24.632161,0.2868607887553037,0.9984298845392253
2025-07-23 06:38:24.632161,0.15395421321921732,0.9905908851834434
2025-07-23 07:38:24.632161,0.2746923527294963,0.9962924222958233
2025-07-23 08:38:24.632161,0.23774075380824675,0.9766405435397665
2025-07-23 09:38:24.632161,0.18484060866493757,0.8079507146468081
2025-07-23 10:38:24.632161,0.09452258031154925,0.9349225252983753
2025-07-23 11:38:24.632161,0.33523252997879394,0.9827117388380487
2025-07-23 12:38:24.632161,0.0,0.9843062542374835
2025-07-23 13:38:24.632161,0.2553926563254061,0.9948229835477066
2025-07-23 14:38:24.632161,0.25412542065766686,0.9525148244860654
2025-07-23 15:38:24.632161,0.23767562622210142,0.9554073963879391
2025-07-23 16:38:24.632161,0.3664901481551991,0.870331211169036
2025-07-23 17:38:24.632161,0.4516496967462165,0.8331420974143253
2025-07-23 18:38:24.632161,0.38191288696305487,0.852260716981163
2025-07-23 19:38:24.632161,0.34006113145283995,0.9664773667099409
2025-07-23 20:38:24.632161,0.5609025790002691,0.9079046843052555
2025-07-23 21:38:24.632161,0.36744265351291905,0.9083046763189941
2025-07-23 22:38:24.632161,0.4809703796830227,0.9691199068288961
2025-07-23 23:38:24.632161,0.6350453034979264,0.8726853656075151
2025-07-24 00:38:24.632161,0.532608876945165,0.8996711562754045
2025-07-24 01:38:24.632161,0.4509395230743904,0.8956766395275584
2025-07-24 02:38:24.632161,0.6358723936407721,0.9776888143517606
2025-07-24 03:38:24.632161,0.76840165321315,0.9028370989831884
2025-07-24 04:38:24.632161,0.6160271513260269,0.9736725641889242
2025-07-24 05:38:24.632161,0.6521318362024409,0.8112345597804423
2025-07-24 06:38:24.632161,0.8138446794992203,0.8039749462045201
2025-07-24 07:38:24.632161,0.4824723661881079,0.903117233378321
2025-07-24 08:38:24.632161,0.883212147598345,0.9659913243492447
2025-07-24 09:38:24.632161,0.7100681587075692,0.9369934872772412
2025-07-24 10:38:24.632161,0.6267482120459962,0.9694229734605121
2025-07-24 11:38:24.632161,0.7724280250690883,0.8683338280088834
2025-07-24 12:38:24.632161,0.8613692194363222,0.9951194511195827
2025-07-24 13:38:24.632161,0.7751006494800848,0.9796261912769009
2025-07-24 14:38:24.632161,0.6952581420620767,0.9905914097799753
2025-07-24 15:38:24.632161,0.9023942210103773,0.9753253663227508
2025-07-24 16:38:24.632161,0.7874115698727813,0.8140111321251101
2025-07-24 17:38:24.632161,0.6249971692715958,0.9906617726534435
2025-07-24 18:38:24.632161,0.6233888054822433,0.8584798627247752
2025-07-24 19:38:24.632161,0.8074182439290737,0.9961312745259719
2025-07-24 20:38:24.632161,0.6204679845704791,0.8999690923571076
2025-07-24 21:38:24.632161,0.9159286364769724,0.8197100144754688
2025-07-24 22:38:24.632161,0.7254926438581097,0.9024008072880634
2025-07-24 23:38:24.632161,0.6141671649014356,0.8718306382606883
2025-07-25 00:38:24.632161,0.5874349406978615,0.9887982342863093
2025-07-25 01:38:24.632161,0.6484405498280913,0.8587423375568444
2025-07-25 02:38:24.632161,0.7656347589290746,0.854469669491008
2025-07-25 03:38:24.632161,0.5263969196797375,0.8871853243883289
2025-07-25 04:38:24.632161,0.532254822623816,0.958943950652942
2025-07-25 05:38:24.632161,0.5630009125648885,0.8315633744964733
2025-07-25 06:38:24.632161,0.47428380124389086,0.8468204500932773
2025-07-25 07:38:24.632161,0.33190835725763373,0.9806056147588521
2025-07-25 08:38:24.632161,0.44488942520998753,0.920845879229904
2025-07-25 09:38:24.632161,0.3470706189660148,0.8132051855038895
2025-07-25 10:38:24.632161,0.35281912254197073,0.9446146746989618
2025-07-25 11:38:24.632161,0.5216606199887803,0.9653849971870141
2025-07-25 12:38:24.632161,0.30634481232200844,0.8521521559536023
2025-07-25 13:38:24.632161,0.09810825069605789,0.840302692704467
2025-07-25 14:38:24.632161,0.25182109383928486,0.8017877155136097
2025-07-25 15:38:24.632161,0.25679748573815836,0.8576705137102391
2025-07-25 16:38:24.632161,0.30895150285595285,0.8818773166604559
2025-07-25 17:38:24.632161,0.25643355489444186,0.9673540860551866
2025-07-25 18:38:24.632161,0.24331683910724722,0.9641498048822579
2025-07-25 19:38:24.632161,0.24328815537951284,0.9122969132664638
2025-07-25 20:38:24.632161,0.28349289046796444,0.8879083298152723
2025-07-25 21:38:24.632161,0.06835323403946728,0.8010673121838092
2025-07-25 22:38:24.632161,0.4156203278742474,0.8027767319382642
2025-07-25 23:38:24.632161,0.17065261139735846,0.9242720672216316
2025-07-26 00:38:24.632161,0.11151006099773737,0.886214837031302
2025-07-26 01:38:24.632161,0.2626177137016679,0.9928665201778266
2025-07-26 02:38:24.632161,0.2085955954961236,0.8699692536048311
2025-07-26 03:38:24.632161,0.3400401554096378,0.8248161361953712
2025-07-26 04:38:24.632161,0.21000921696005997,0.8287252865764223
2025-07-26 05:38:24.632161,0.3910638834651095,0.919106695121136
2025-07-26 06:38:24.632161,0.2068554418979474,0.9383293591117281
2025-07-26 07:38:24.632161,0.5142445517246523,0.9493363771303471
2025-07-26 08:38:24.632161,0.35345421921242054,0.9583281555119467
2025-07-26 09:38:24.632161,0.529879808617398,0.8050952852538914
2025-07-26 10:38:24.632161,0.29670363292508095,0.8541040583375307
2025-07-26 11:38:24.632161,0.5112812741714413,0.8182603413213465
2025-07-26 12:38:24.632161,0.5381434823482826,0.8325799056385597
2025-07-26 13:38:24.632161,0.48113290548590093,0.840811768419704
2025-07-26 14:38:24.632161,0.32682325814640134,0.9287830417149593
2025-07-26 15:38:24.632161,0.6314930047194686,0.8844093151440862
2025-07-26 16:38:24.632161,0.5555749310956711,0.9144698364876529
2025-07-26 17:38:24.632161,0.7436010498135832,0.8642146400047458
2025-07-26 18:38:24.632161,0.7387078951073365,0.8794002065548117
2025-07-26 19:38:24.632161,0.7960065789088074,0.8552064205581194
2025-07-26 20:38:24.632161,0.7474439821678623,0.8265286048053203
2025-07-26 21:38:24.632161,0.7268836074087516,0.9598233236691122
2025-07-26 22:38:24.632161,0.8872470659729359,0.9923368295151959
2025-07-26 23:38:24.632161,1.0,0.9211749595137114
2025-07-27 00:38:24.632161,0.770910022808627,0.849970673451018
2025-07-27 01:38:24.632161,0.9063507284443016,0.938898054291622
2025-07-27 02:38:24.632161,0.7265577893375506,0.9033761347947356
2025-07-27 03:38:24.632161,0.6939050307972191,0.914320659047213
2025-07-27 04:38:24.632161,0.7393269162337235,0.9517662138070874
2025-07-27 05:38:24.632161,0.7324146981067039,0.9460634833429885
2025-07-27 06:38:24.632161,0.8778578366965074,0.9332023582552373
2025-07-27 07:38:24.632161,0.7505905049858759,0.9915540847783599
2025-07-27 08:38:24.632161,0.6916903587324696,0.9408586897385454
2025-07-27 09:38:24.632161,0.6819863796986394,0.9856821548076553
2025-07-27 10:38:24.632161,0.8165462333091567,0.8774618396114777
2025-07-27 11:38:24.632161,0.8242787297441473,0.9435534669403949
2025-07-27 12:38:24.632161,0.7897156875943618,0.9353621596572247
2025-07-27 13:38:24.632161,0.7808625590155013,0.8094262503381406
2025-07-27 14:38:24.632161,0.6544797201772221,0.9923138543099371
2025-07-27 15:38:24.632161,0.8693576825294584,0.9214379766754143
2025-07-27 16:38:24.632161,0.6058796167888335,0.9312158877938052
2025-07-27 17:38:24.632161,0.5567723136271607,0.863047251206875
