timestamp,strategy,signal_action,entry_price,exit_price,quantity,pnl,pnl_pct,holding_time,commission,slippage,market_impact,signal_confidence,position_size,regime,volatility,sentiment_score
2025-06-27 23:41:54.057346,RSIStrategy,SELL,49424.692446427056,,0.23389118733576825,0,0,0,2.9452957965343702,-7452.1658471274795,5.610495867420043e-05,0.425,0.272,neutral,0.0008346450486227321,0.4610612486896721
2025-06-30 00:56:54.057346,RSIStrategy,BUY,49714.83406259778,97953.04283384954,0.244494429664498,-13092.700836445867,-1.3335877012948858,177300.0,7.184692002469256,48222.361344241406,0.00031876656754796826,0.425,0.28600000000000003,neutral,0.0011505648967425094,0.171638206758469
2025-06-30 03:01:54.057346,RSIStrategy,BUY,49610.38769621922,,0.3486668982697394,0,0,0,7.104480002993012,18303.687686958638,0.00012776396975384374,0.425,0.40700000000000003,neutral,0.0011396972068638742,0.2439588774175466
2025-06-30 03:46:54.057346,RSIStrategy,BUY,49595.5906429451,,0.26393475368081004,0,0,0,4.729585918302916,10132.49785537637,7.395482910237077e-05,0.425,0.30800000000000005,neutral,0.0012012519561201075,0.2905862386403325
2025-06-30 04:51:54.057346,RSIStrategy,SELL,49648.18648507939,-102540.52715587187,0.3201526807988621,-42829.2951715285,-2.7166836110821713,3900.0,-9.84858739784427,-152236.8444258274,0.0009694369177132885,0.425,0.37400000000000005,neutral,0.0007581237892909031,0.2912982634225897
2025-06-30 04:56:54.057346,RSIStrategy,SELL,49700.26789074831,,0.3198171896163733,0,0,0,-13.20782604631786,-187419.387940614,0.0011862289857467406,0.425,0.37400000000000005,neutral,0.0007530837507737903,0.2912982634225897
2025-06-30 07:41:54.057346,RSIStrategy,SELL,49396.444170499766,,0.44426274742071126,0,0,0,-1.1131768755598577,-57767.52759972876,0.00038145080691443065,0.525,0.41800000000000004,neutral,0.0008113403626441125,0.5902852243644553
2025-06-30 10:41:54.057346,RSIStrategy,BUY,49591.768602624805,66969.63765307837,0.41287093759580684,-33462.70480272563,9.018163834717463,10800.0,8.294945126483377,17371.83226543257,0.00012172957712759195,0.525,0.39,neutral,0.0011877773416149185,0.3915601753898378
2025-06-30 10:46:54.057346,RSIStrategy,SELL,49563.874880428,34097.98198136623,0.46606525530395587,-13571.751297506315,-0.49084416197675423,300.0,4.767565403248542,-15471.312577139011,0.00010934734401467148,0.525,0.44,neutral,0.0011404072681599265,0.3915601753898378
2025-06-30 11:31:54.057346,RSIStrategy,SELL,49583.864314407925,,0.3257107977222982,0,0,0,2.476556163826756,-24246.97053462019,0.00016639801461643147,0.425,0.38,neutral,0.0010031707376560158,0.5342685053284645
2025-06-30 12:26:54.057346,RSIStrategy,BUY,49657.87137294283,71280.93004183329,0.26531544014548086,-14961.781373556998,-1.8124096992540843,3300.0,5.673579398408469,21615.65242263073,0.00014914546384985674,0.425,0.31,neutral,0.0008178708718781135,0.4731975825403992
2025-06-30 12:36:54.057346,RSIStrategy,BUY,49607.9395650885,,0.2998511958047186,0,0,0,5.23303429383827,8562.5954851804,6.340508935423725e-05,0.425,0.35,neutral,0.0008342333885254656,0.4731975825403992
2025-06-30 13:06:54.057346,RSIStrategy,SELL,49641.224939275824,33103.51943029597,0.17979008396584906,-7517.317759608584,-0.43095366879938,1800.0,1.7855053613814087,-16543.473645530896,0.00011619649914153664,0.425,0.21,neutral,0.000797060793563214,0.8367208852211685
2025-06-30 14:16:54.057346,RSIStrategy,BUY,49662.602394269576,57990.895046241516,0.29952115440725235,-4474.503351680474,-0.7518045224269688,4200.0,5.210849948808021,8325.226657682604,6.173648060152545e-05,0.425,0.35,neutral,0.0007016818566964662,0.7767368880763486
2025-06-30 15:01:54.057346,RSIStrategy,SELL,49913.29833321579,40072.700331604305,0.36813836419565954,-5366.8783658220655,-0.30898289637277326,2700.0,4.425689504693902,-9844.170146808794,7.15670035160001e-05,0.525,0.35,neutral,0.0009487105116398425,0.7767368880763486
2025-06-30 15:21:54.057346,RSIStrategy,BUY,50024.33644914425,89709.64091122228,0.4722701324387911,-18273.262108657713,-1.2386722174664782,1200.0,12.710155198253803,39672.15131688361,0.000262934925839216,0.525,0.45,neutral,0.0010101037253804424,0.509510370453882
2025-06-30 16:01:54.057346,RSIStrategy,SELL,49760.06065176871,-165761.1533141603,0.2528131966726782,-120651.22582306458,-2.847751831692198,2400.0,-12.571982116050833,-215588.8192615343,0.0013586256672479568,0.425,0.296,neutral,0.001061865325759538,0.509510370453882
2025-06-30 17:36:54.057346,RSIStrategy,SELL,49911.63277389103,,0.2520454511474256,0,0,0,3.1247786009694263,-8589.190282261516,6.319631015698658e-05,0.425,0.296,neutral,0.0009023226319421945,0.6911893648122581
2025-06-30 18:01:54.057346,RSIStrategy,SELL,49908.37932930222,,0.2248119484299205,0,0,0,2.6806438927413794,-10165.595735694314,7.371005023111618e-05,0.425,0.264,neutral,0.0008881672371816513,0.6911893648122581
2025-06-30 19:01:54.057346,RSIStrategy,SELL,50146.927721591484,,0.39364325786005544,0,0,0,3.0728921734124137,-24134.186106683443,0.00016380730549493938,0.525,0.376,neutral,0.000977873134615791,0.730326293871616
2025-06-30 19:41:54.057346,RSIStrategy,BUY,50073.73317380513,365110.6833907845,0.24443953394717252,-133480.38497808494,-13.031409250184307,2400.0,26.77424558615311,314938.92719330353,0.0019575737110629687,0.425,0.288,neutral,0.0010169100154440332,0.6273904473255777
2025-06-30 22:51:54.057346,RSIStrategy,SELL,51104.84083288071,42141.134736979395,0.2547703855017775,-78946.52595206478,-0.8845798365974545,11400.0,3.2208939427267764,-8966.986229840177,6.418440768827575e-05,0.525,0.248,neutral,0.0008098743990233243,0.8230437514404159
2025-06-30 23:51:54.057346,RSIStrategy,BUY,51128.614466307175,81484.89994464804,0.1994968982920829,-10023.626229049163,-0.9336190269490771,3600.0,4.876795438979401,30346.088364956868,0.0001994404403568477,0.425,0.24,neutral,0.0009215682717476349,0.8217835461737619
2025-07-01 00:01:54.057346,RSIStrategy,SELL,51096.86803043076,7436.301214385286,0.17383648631282103,-14772.465769562488,-0.9087401319822851,600.0,0.38781014228175065,-43674.98267863903,0.00028212810587470764,0.425,0.20900000000000002,neutral,0.0008158491525092821,0.8217835461737619
2025-07-01 02:11:54.057346,RSIStrategy,SELL,51000.1799588478,,0.25666576099461536,0,0,0,3.3973961989055725,-6880.575534080999,5.05845597967289e-05,0.425,0.30800000000000005,neutral,0.0009260359399768154,0.8169969955934397
2025-07-01 03:31:54.057346,RSIStrategy,SELL,51288.48432742056,,0.40535415059799224,0,0,0,4.5817245089386365,-13616.578104007232,9.386633941915135e-05,0.525,0.396,neutral,0.000806144982753064,0.8218992931255477
2025-07-01 03:36:54.057346,RSIStrategy,SELL,51255.01223268641,,0.22802647957513578,0,0,0,3.04071488527105,-6807.833742388394,4.9852068147802325e-05,0.425,0.275,neutral,0.0008027527763691326,0.8218992931255477
2025-07-01 03:51:54.057346,RSIStrategy,SELL,51112.2090377892,,0.2561031942548612,0,0,0,3.1440652137039975,-10194.043573644889,7.215436188070135e-05,0.425,0.30800000000000005,neutral,0.0009355729894951684,0.8218992931255477
2025-07-01 05:11:54.057346,RSIStrategy,BUY,50902.24746403898,70521.08256516306,0.275528109243276,-7580.457128235737,-0.7233110587396434,4800.0,5.8291621622905,19612.07430704423,0.00013281916647451804,0.425,0.33,neutral,0.0010499225171325234,0.8714884935103492
2025-07-01 05:56:54.057346,RSIStrategy,SELL,51044.71274399971,33473.39331759132,0.27475911306110024,-10207.679770215887,-0.5253420381534677,2700.0,2.7591359577260253,-17577.422565594934,0.00011956457110742227,0.425,0.33,neutral,0.0009803938126956564,0.8714884935103492
2025-07-01 06:31:54.057346,RSIStrategy,SELL,51202.30776060029,,0.3722000205362731,0,0,0,-51.27277899948434,-510546.58639878774,0.003079449599292218,0.525,0.36300000000000004,neutral,0.0009051979360953005,0.8080382082244009
2025-07-01 06:41:54.057346,RSIStrategy,SELL,51242.31999541362,,0.4057193351483848,0,0,0,4.884016869447771,-11119.914349631108,7.79455667091031e-05,0.525,0.396,neutral,0.0009548141944603577,0.8080382082244009
2025-07-01 08:06:54.057346,RSIStrategy,BUY,51595.38232769263,68147.33807458555,0.4782404720500785,-11368.636464260495,-0.6983167811342511,5100.0,9.777244538923826,16546.187059406227,0.0001118062746401304,0.525,0.47,neutral,0.0009327591287112128,0.7306959543294338
2025-07-01 12:56:54.057346,RSIStrategy,SELL,51669.87279084056,-92232.28438779476,0.18095651285709105,-76700.02635362215,-2.3534246089971824,17400.0,-5.007009766697659,-143947.7327784151,0.0008820536478630353,0.425,0.22,neutral,0.0009433146671362561,0.9098433348848084
2025-07-01 13:36:54.057346,RSIStrategy,BUY,51746.584603870775,63605.7084624112,0.39567828788585246,-28199.89975682156,1.689625209703992,2400.0,7.550219347252064,11854.887628128012,8.186492779859262e-05,0.525,0.39,neutral,0.0008169194521821891,0.526417966021844
2025-07-01 13:41:54.057346,RSIStrategy,SELL,51784.4962256106,41056.69833088182,0.37511227135184816,-8922.153722364286,-0.35451236495314054,300.0,4.620261409531415,-10731.663677299668,7.465135035873368e-05,0.525,0.37,neutral,0.0008056329104668944,0.526417966021844
2025-07-01 16:51:54.057346,RSIStrategy,SELL,52313.22380276013,,0.34522819828678053,0,0,0,-1.6830422089047836,-68585.97600028293,0.0004248187136637586,0.525,0.34400000000000003,neutral,0.0008948038202363177,0.5660645985274985
2025-07-01 17:06:54.057346,RSIStrategy,BUY,52374.61629272575,60415.075378899404,0.24668438481322957,-26467.128318766754,4.717729866559296,900.0,4.471036710986608,8037.48996174175,5.669014194429516e-05,0.425,0.30400000000000005,neutral,0.0009135728864080301,0.5519507449563976
2025-07-01 19:36:54.057346,RSIStrategy,SELL,52391.70029503525,45293.46319469073,0.24660394541965894,-3730.265599045753,-0.2502953458118179,9000.0,3.3508640176592537,-7100.8911211659315,5.065727598970159e-05,0.425,0.30400000000000005,neutral,0.0015830609662445022,0.3266994762905637
2025-07-01 20:11:54.057346,RSIStrategy,SELL,52630.0300703128,,0.23256684413152665,0,0,0,3.165392870237467,-7263.80602287045,5.147145267822483e-05,0.425,0.288,neutral,0.0013715989713083724,0.5618007040041793
2025-07-01 20:36:54.057346,RSIStrategy,SELL,52478.13340418086,,0.3601500048493392,0,0,0,3.061667723477106,-24149.384552197396,0.0001566159703420184,0.525,0.36000000000000004,neutral,0.001285356246073654,0.5618007040041793
2025-07-01 21:36:54.057346,RSIStrategy,BUY,52328.65088689615,58587.75550826595,0.21441408883731897,-10894.821352156861,-1.067537924048504,3600.0,3.768612064298538,6256.736583308777,4.525318388485708e-05,0.425,0.264,neutral,0.0008806226259883292,0.4642812733651043
2025-07-01 23:06:54.057346,RSIStrategy,BUY,52252.29632616238,,0.2472618604042296,0,0,0,5.343063960803979,19770.65495115246,0.000130362078009224,0.425,0.30400000000000005,neutral,0.0007150271967559602,0.403959858967105
2025-07-01 23:16:54.057346,RSIStrategy,BUY,52270.29815696624,,0.21465345321556528,0,0,0,10.626409070351784,112710.28320828953,0.0006873497571825338,0.425,0.264,neutral,0.000846548029048026,0.403959858967105
2025-07-01 23:26:54.057346,RSIStrategy,BUY,52169.1077441906,,0.20855254134975243,0,0,0,5.145664057873651,30064.872620266196,0.00019374411143322734,0.425,0.256,neutral,0.0008506721195431576,0.403959858967105
2025-07-01 23:46:54.057346,RSIStrategy,BUY,52227.978812251255,,0.24737698631694557,0,0,0,4.383528759526128,6836.238616450811,4.91041077887768e-05,0.425,0.30400000000000005,neutral,0.0008476513967882128,0.403959858967105
2025-07-01 23:56:54.057346,RSIStrategy,BUY,52207.36524575663,,0.2149122053408346,0,0,0,3.8099430951334186,6883.069967707251,4.9426990745225454e-05,0.425,0.264,neutral,0.000855439541078949,0.403959858967105
2025-07-02 00:16:54.057346,RSIStrategy,BUY,52229.747371022575,,0.3132793249748328,0,0,0,6.985648877244537,22090.9193879417,0.00014471771147224463,0.425,0.385,neutral,0.0009880023365776045,0.2404302368060287
2025-07-02 01:46:54.057346,RSIStrategy,SELL,52676.24494557035,37043.324110851136,0.49334382180910075,-11680.588685210394,-0.5016250697881237,5400.0,5.482528526808153,-15638.394350759223,0.00010390862229581649,0.525,0.49500000000000005,neutral,0.0011079775181657356,0.2333588475601294
2025-07-02 02:31:54.057346,RSIStrategy,SELL,52436.77008499747,,0.3209579837339215,0,0,0,1.0321180584704235,-41731.43301447809,0.0002632279791347865,0.425,0.396,neutral,0.0011921765971608016,0.2228173324985374
2025-07-02 04:01:54.057346,RSIStrategy,BUY,52343.82266556467,62042.51756976778,0.18755794858021746,-16472.64781673432,-4.788012673999647,5400.0,3.490970196041323,9695.172651374603,6.72907068902359e-05,0.425,0.231,neutral,0.0009641267740293711,0.1703557378423676
2025-07-02 08:11:54.057346,RSIStrategy,BUY,52588.3427500574,,0.282857363859099,0,0,0,12.173180538135181,90837.38577442475,0.0005542843996500005,0.425,0.35,neutral,0.00074262117188542,0.2279436926603641
2025-07-02 10:46:54.057346,RSIStrategy,BUY,52516.03709520543,,0.2508757463194579,0,0,0,4.7506285073349055,10600.743426377112,7.278475518586255e-05,0.425,0.31,neutral,0.0010435115005970647,0.4488939101787317
2025-07-02 11:26:54.057346,RSIStrategy,SELL,52179.02972544794,33935.50778973306,0.462829610421482,-7321.832514303957,-0.46237034760763646,2400.0,4.711907354933197,-18249.842509850438,0.00012113245816984983,0.525,0.46,neutral,0.0011260481538049242,0.3355854915352161
2025-07-02 12:36:54.057346,RSIStrategy,BUY,52023.05210522008,103165.57901615388,0.3022698469938892,-32041.726895175798,-2.040048189506269,4200.0,9.355153135274646,51125.76762892832,0.00032215107202068446,0.425,0.37,neutral,0.0009387724600132124,0.257450540379535
2025-07-02 14:41:54.057346,RSIStrategy,SELL,52434.75292317841,-250816.40488342178,0.4105101826556911,-106998.08011191808,-3.4312024153341727,7500.0,-30.888806454521177,-303345.6365252837,0.0018018339634770955,0.525,0.41,neutral,0.0009763327776844026,0.3224246590557595
2025-07-02 20:06:54.057346,RSIStrategy,SELL,53342.33668609754,,0.3385678453922497,0,0,0,4.372270580371757,-10299.339075500873,6.978447743023338e-05,0.525,0.34400000000000003,neutral,0.0009918900155835638,0.3522438317887145
2025-07-02 21:46:54.057346,RSIStrategy,SELL,53246.28992874915,,0.2362605923686658,0,0,0,3.198658998970698,-8120.318878206219,5.628073315759264e-05,0.425,0.296,neutral,0.0007748447427967961,0.2731089371457688
2025-07-02 22:31:54.057346,RSIStrategy,BUY,53146.45298630668,65768.46188480637,0.21751216403808668,-4876.299100844712,-0.45734469686332907,2700.0,4.291632141006197,12617.522288069113,8.441975293714042e-05,0.425,0.272,neutral,0.0009223408941429401,0.4490295690096672
2025-07-03 01:41:54.057346,RSIStrategy,BUY,53969.577153127866,,0.29451777906099064,0,0,0,5.60225108752926,9432.906533671736,6.364324487503682e-05,0.425,0.37400000000000005,neutral,0.0010824551012301644,0.460464403445036
2025-07-03 02:01:54.057346,RSIStrategy,BUY,53973.555756434485,,0.26851112173153924,0,0,0,5.191980235493766,10476.607128411655,7.005368216402292e-05,0.425,0.341,neutral,0.0010824685234015643,0.460464403445036
2025-07-03 03:36:54.057346,RSIStrategy,SELL,53778.7373366199,45433.55091011294,0.27817685466209696,-5107.1870658577955,-0.2951005300989225,5700.0,3.7915686864916416,-8348.2594132608,5.714129609640731e-05,0.425,0.35200000000000004,neutral,0.0011578885120863555,0.656927255220869
2025-07-03 04:01:54.057346,RSIStrategy,SELL,53658.62516705548,,0.24394959727810553,0,0,0,2.992100406317484,-12779.030693507573,8.459987349106197e-05,0.425,0.30800000000000005,neutral,0.0011103658016851994,0.656927255220869
2025-07-03 05:21:54.057346,RSIStrategy,SELL,53611.639772733775,,0.305204244252976,0,0,0,3.7557976980181285,-12596.618909566932,8.355779969745713e-05,0.425,0.385,neutral,0.0009311849293831487,0.7612040915810843
2025-07-03 06:31:54.057346,RSIStrategy,SELL,53447.6458333177,,0.31488758274753925,0,0,0,3.044921728048114,-21222.027618374967,0.00013618961647792981,0.425,0.396,neutral,0.000868746230350153,0.599940901511744
2025-07-03 06:46:54.057346,RSIStrategy,BUY,53474.493784286366,62843.7629859038,0.2885020298132007,-9638.981523896815,-0.9496777636457366,900.0,5.439165954759882,9365.856622193234,6.381695613542513e-05,0.425,0.36300000000000004,neutral,0.0008800572948381821,0.599940901511744
2025-07-03 08:46:54.057346,RSIStrategy,BUY,53125.90355918829,,0.2719953738556382,0,0,0,6.1743068581644405,22533.20811997655,0.00014494766700406432,0.425,0.34,neutral,0.0010777837981866567,0.7927837271643383
2025-07-03 09:36:54.057346,RSIStrategy,SELL,53272.43139689619,46474.31759398561,0.22338008023965153,-7940.223471886352,-0.38580315107209795,3000.0,3.1144310379682665,-6800.666190665267,4.791198163396125e-05,0.425,0.28,neutral,0.0010954239682158988,0.6170141623712914
2025-07-03 12:26:54.057346,RSIStrategy,SELL,53874.233707014864,,0.2826026274971885,0,0,0,3.6748944742761713,-10532.19326088438,7.052455969416338e-05,0.525,0.29,neutral,0.0009591552218795789,0.9003950531341027
2025-07-03 12:46:54.057346,RSIStrategy,SELL,53961.43807609203,,0.3210626072561242,0,0,0,2.496548717705352,-28051.257976470646,0.00017541597446767533,0.525,0.33,neutral,0.0008643452295666768,0.9003950531341027
2025-07-03 12:56:54.057346,RSIStrategy,SELL,54026.13196019504,,0.2623730310813987,0,0,0,0.9194700402811808,-42358.672118941045,0.0002591414956118322,0.525,0.27,neutral,0.0008626589510029241,0.9003950531341027
2025-07-03 13:16:54.057346,RSIStrategy,SELL,53947.374470524446,,0.28360972429454473,0,0,0,3.680930718457809,-10688.361106210681,7.138614503100386e-05,0.425,0.36,neutral,0.0010271455100237896,0.736830564528526
2025-07-03 14:01:54.057346,RSIStrategy,SELL,53924.48924360136,,0.22856034749485318,0,0,0,2.7313004774516587,-14096.06338997751,9.21761916107529e-05,0.425,0.29,neutral,0.0009870425284664653,0.736830564528526
2025-07-03 14:06:54.057346,RSIStrategy,BUY,53907.10827692638,101801.93798157743,0.2759376356005888,-14163.551395879967,-1.5556931409935635,300.0,8.427295819858276,47879.090897690076,0.00029196162554518925,0.425,0.35,neutral,0.0009875311566324028,0.7623189546322304
2025-07-03 16:06:54.057346,RSIStrategy,SELL,54100.64632535668,44365.23125119441,0.1759683228689641,-15848.949051866317,-0.5642005237736932,7200.0,2.3420626010899306,-9738.951563678294,6.536871102710772e-05,0.425,0.22400000000000003,neutral,0.0008258329847238577,0.8995833391933282
2025-07-03 17:41:54.057346,RSIStrategy,SELL,54343.46184791932,,0.15641256024114414,0,0,0,-1.3216984061201082,-82536.95934314177,0.0004889143113335176,0.425,0.2,neutral,0.0008528370969295317,0.8772512335330722
2025-07-03 19:11:54.057346,RSIStrategy,SELL,54399.39030645693,,0.21875245169039198,0,0,0,2.8747785090635594,-10597.553546698464,7.023953549280597e-05,0.425,0.27999999999999997,neutral,0.0008250211191766555,0.7194150399001225
2025-07-03 19:26:54.057346,RSIStrategy,SELL,54485.988727265605,,0.1934442275198289,0,0,0,2.653125300197005,-8771.886548849201,5.899601426895632e-05,0.425,0.248,neutral,0.0009428592854890467,0.7194150399001225
2025-07-03 20:01:54.057346,RSIStrategy,BUY,54553.77015104448,62142.66791817954,0.23683056119179394,-3177.3893907968118,-0.3592807385193091,2100.0,4.415184875105325,7586.080627447362,5.163968832757209e-05,0.425,0.30400000000000005,neutral,0.000933274562818506,0.7194150399001225
2025-07-03 21:26:54.057346,RSIStrategy,BUY,54753.34646549762,,0.21112864776739154,0,0,0,5.394558435406433,30406.60127544821,0.00018657792968425208,0.425,0.272,neutral,0.0011951274275491099,0.6287463177009293
2025-07-03 22:16:54.057346,RSIStrategy,BUY,54911.619584388405,,0.21052010644549546,0,0,0,4.103669856817211,10061.426240117056,6.634945165135337e-05,0.425,0.272,neutral,0.0009721823480339222,0.7070627060796686
2025-07-03 22:31:54.057346,RSIStrategy,SELL,54764.89458701007,46234.39731248345,0.22970919774186702,-3945.629279056688,-0.2884463967662035,900.0,3.186139894418792,-8533.632092786254,5.724138215321614e-05,0.425,0.296,neutral,0.0010668649184172971,0.7070627060796686
2025-07-03 23:31:54.057346,RSIStrategy,BUY,54463.73310272388,97512.24988465219,0.362443021721784,-11778.994376278613,-1.1090844815300216,3600.0,10.60279035092491,43034.30340831778,0.00026096950761214275,0.525,0.376,neutral,0.0008162912520300338,0.5582046487214831
2025-07-03 23:46:54.057346,RSIStrategy,BUY,54440.73463045308,,0.33173689008042134,0,0,0,65.01895719305747,598693.3021526631,0.00338887829950683,0.525,0.34400000000000003,neutral,0.0008184378043652704,0.5582046487214831
2025-07-04 00:26:54.057346,RSIStrategy,SELL,54438.18595427313,45682.94334146711,0.22328076858053153,-201575.1397563732,-0.9300755431581889,2400.0,3.0600368100910957,-8758.452592593447,5.8965590626419526e-05,0.425,0.28600000000000003,neutral,0.0008846154650890485,0.803827407410805
2025-07-04 00:51:54.057346,RSIStrategy,BUY,54319.12050091464,65543.75140827459,0.249589829050559,-4434.536489787196,-0.4347532495521042,1500.0,4.907716112797078,11220.604100274126,7.413240583974297e-05,0.425,0.319,neutral,0.0010177825907266736,0.803827407410805
2025-07-04 01:11:54.057346,RSIStrategy,SELL,54189.33644737704,26624.852945509254,0.5008826787602009,-9713.761214157665,-0.593785031014444,1200.0,4.00077829948293,-27573.796865787706,0.00017186709656361228,0.525,0.517,neutral,0.0010770345810392947,0.6365785444340125
2025-07-04 04:36:54.057346,RSIStrategy,SELL,54019.64723286997,,0.3288618291677833,0,0,0,4.00637579361972,-13415.894178237075,8.789631910260586e-05,0.425,0.41800000000000004,neutral,0.0007881285438434653,0.5424679105298503
2025-07-04 04:41:54.057346,RSIStrategy,BUY,53984.73826155996,89839.7787004263,0.3030949213965344,-16190.287976718648,-1.2123391921323652,300.0,8.168994199046326,35843.0990176346,0.00022119994680498423,0.425,0.385,neutral,0.0007782035905656944,0.5424679105298503
2025-07-04 06:01:54.057346,RSIStrategy,SELL,54196.15682755087,-2980.773907247777,0.3191646975087122,-28133.438096605856,-1.0331787761542386,4800.0,-0.2854073407345797,-57195.59314081642,0.0003443492511314901,0.425,0.40700000000000003,neutral,0.00103836744577635,0.684686147696824
2025-07-04 07:31:54.057346,RSIStrategy,SELL,54138.72165016816,,0.31086807163182667,0,0,0,3.6440592959300377,-15069.99286554261,9.767922658387078e-05,0.425,0.396,neutral,0.001056634229398811,0.3990804500902316
2025-07-04 07:46:54.057346,RSIStrategy,BUY,54132.99200047382,82249.00320846682,0.3281732515329007,-13421.724701289213,-1.104953866937315,900.0,8.097576845478763,28106.527913657057,0.00017518511328282465,0.425,0.41800000000000004,neutral,0.0009433407289738347,0.3990804500902316
2025-07-04 09:06:54.057346,RSIStrategy,SELL,54272.19701844585,34870.471252886884,0.4256322992074349,-15548.366884718109,-0.576037764682633,4800.0,4.452599656143903,-19408.4202841241,0.00012335079346175414,0.525,0.44,neutral,0.0005903574231453768,0.4571306018498555
2025-07-04 09:51:54.057346,RSIStrategy,SELL,54336.643728742325,,0.2893995455166839,0,0,0,3.685617574355528,-11889.573694205834,7.81645792504742e-05,0.425,0.37,neutral,0.0009792102602499382,0.4571306018498555
2025-07-04 11:01:54.057346,RSIStrategy,BUY,53939.09079123166,96011.79913995559,0.37959483001386474,-15500.379120823864,-1.2616918718324388,4200.0,10.933674772157032,42058.80249987211,0.00025780651189782216,0.525,0.39,neutral,0.0013014007941208544,0.5235990087975126
2025-07-04 11:36:54.057346,RSIStrategy,SELL,54018.20395381707,36248.69188407311,0.29110556903084206,-22685.76653989708,-0.6224558626254499,2100.0,3.1656588232610305,-17775.67890433461,0.00011416215533419282,0.425,0.37,neutral,0.001194731538699298,0.4145407999111157
2025-07-04 13:31:54.057346,RSIStrategy,BUY,54078.89609550717,85561.97225704878,0.22790775866121926,-14355.370543752539,-1.3604154470093544,6900.0,5.850071197121224,31472.521335313133,0.000195174587325989,0.425,0.29,neutral,0.0009338067560108274,0.2626630338645543
2025-07-04 14:46:54.057346,RSIStrategy,BUY,54333.198260715,,0.2424852653948412,0,0,0,5.6674429421769394,23566.49948124969,0.00014782487931011592,0.425,0.31,neutral,0.0012644194292136786,0.4319796752898021
2025-07-04 15:26:54.057346,RSIStrategy,SELL,54450.00158321711,37760.16593031856,0.29660237888731017,-9735.192616956592,-0.5153219564598128,2400.0,3.3599265126336144,-16695.652367442515,0.00010682671028171335,0.425,0.38,neutral,0.0008801933194607462,0.2718036917670305
2025-07-04 17:21:54.057346,RSIStrategy,BUY,54549.22677555133,62462.41606307551,0.16205545930784926,-7326.746153245084,-0.654188071586913,6900.0,3.0367126573739047,7910.263223886424,5.36407903596856e-05,0.425,0.20800000000000002,neutral,0.0006886000485505521,0.1716888207657864
2025-07-04 22:11:54.057346,RSIStrategy,SELL,54150.28962980241,47604.85433432061,0.21975875071683193,-2407.7489901480976,-0.23786402552458913,17400.0,3.1384749949701183,-6547.901894382467,4.5550982598995966e-05,0.425,0.27999999999999997,neutral,0.0006714537396112356,0.3819825889442388
2025-07-04 23:06:54.057346,RSIStrategy,SELL,54248.060454740094,,0.2193626813612688,0,0,0,3.1313283694672025,-6668.357591585128,4.622127085958188e-05,0.425,0.27999999999999997,neutral,0.0009381433165351792,0.3493399335472597
2025-07-07 02:01:54.057346,RSIStrategy,SELL,54457.57070616558,,0.455997204392162,0,0,0,2.736486219727535,-34465.3986179888,0.0002112614714383598,0.525,0.47300000000000003,neutral,0.0008467190717098521,0.3988091917179952
2025-07-07 04:56:54.057346,RSIStrategy,BUY,55032.50912187364,85686.07340154362,0.2973242590804648,-29950.989194020363,-3.2835161724661464,10500.0,7.642964486288483,30643.27327250545,0.0001869986909327155,0.425,0.385,neutral,0.001012208475491166,0.3312571242130146
2025-07-07 05:11:54.057346,RSIStrategy,BUY,55114.1971617972,,0.2799188012248445,0,0,0,6.580560766228288,23240.609649308197,0.000143831555688559,0.425,0.36300000000000004,neutral,0.0010774503217328838,0.4359236292176914
2025-07-07 05:41:54.057346,RSIStrategy,SELL,55273.73713947354,29707.145783220774,0.3214003778172833,-13619.613918643438,-0.6209021268463866,1800.0,2.8643663635800816,-25575.26618478855,0.00015694304356325762,0.425,0.41800000000000004,neutral,0.0011422478567980302,0.4359236292176914
2025-07-07 05:46:54.057346,RSIStrategy,BUY,55347.88552660752,69947.87421107882,0.29563008314263456,-12933.385320356267,-1.3545807706167066,300.0,6.203608760601533,14594.855551532326,9.274307211784382e-05,0.425,0.385,neutral,0.0011656431140448782,0.4359236292176914
2025-07-07 06:06:54.057346,RSIStrategy,BUY,55441.25472526613,,0.35415865130216445,0,0,0,7.1917471984643075,12242.946423450627,7.869968188193667e-05,0.525,0.37400000000000005,neutral,0.0011590274905239565,0.3045771567540862
2025-07-07 06:21:54.057346,RSIStrategy,SELL,55533.786270184246,6921.856893726649,0.47835744299434874,-21521.055159558873,-0.8977396409660109,900.0,0.9933365293367658,-48627.90334422012,0.00028764413225499286,0.525,0.5060000000000001,neutral,0.0011830526915778128,0.3045771567540862
2025-07-07 07:36:54.057346,RSIStrategy,BUY,55522.90011980153,71420.97692676455,0.17681893378798336,-30853.634134389584,-9.318181670513027,4500.0,3.788574297086001,15892.521128259868,0.00010006103231546008,0.425,0.231,neutral,0.0010474126841081375,0.1865540104642437
2025-07-07 07:41:54.057346,RSIStrategy,BUY,55620.36922166184,,0.22694024107779673,0,0,0,4.8888248389371896,16181.795879262101,0.00010157564237300719,0.425,0.29700000000000004,neutral,0.0010801230818331114,0.1865540104642437
2025-07-07 08:06:54.057346,RSIStrategy,BUY,55644.25266426929,,0.28259881743541604,0,0,0,9.158475052306763,52365.414527059394,0.0003081688072199179,0.425,0.37,neutral,0.0009684777357841618,0.3018809849848177
2025-07-07 09:16:54.057346,RSIStrategy,BUY,55632.94049308106,,0.16806589616025847,0,0,0,3.0696127249537866,5246.171934111069,3.6345347106639884e-05,0.425,0.22,neutral,0.000780730040456801,0.1067074923850909
2025-07-07 10:36:54.057346,RSIStrategy,BUY,55278.17172625474,,0.22793807404479596,0,0,0,4.576711376355459,11646.824478013708,7.538472978547667e-05,0.525,0.24,neutral,0.0005652000641876867,0.1293441035950174
2025-07-07 12:01:54.057346,RSIStrategy,BUY,55135.9919537172,,0.23124640635290883,0,0,0,11.046650920886385,104064.23618861767,0.0006030657105712719,0.425,0.3,neutral,0.0009328138865811372,0.1717843987800134
2025-07-07 12:11:54.057346,RSIStrategy,BUY,55075.37417644265,,0.16205064665393565,0,0,0,2.9282940644025706,5156.767547890403,3.61567389987032e-05,0.425,0.21,neutral,0.0009293076514269313,0.0939766443562095
2025-07-07 14:46:54.057346,RSIStrategy,BUY,55127.17885251282,,0.18502670030129903,0,0,0,6.162843095820198,55880.76481410486,0.00033105838567683114,0.425,0.24,neutral,0.0009983632088149286,0.0
2025-07-07 15:51:54.057346,RSIStrategy,SELL,55223.93095404161,36411.520546914224,0.26166192356037754,-13805.706819652169,-0.6720456746180459,3900.0,2.8582525518191364,-18818.914419759316,0.00011777525647984851,0.425,0.34,neutral,0.0011779985311385298,0.2219436180818002
2025-07-07 17:01:54.057346,RSIStrategy,BUY,55159.8050708745,62273.05086263568,0.2157368029983021,-6766.977768626694,-0.7102568068367348,4200.0,4.030376671816705,7110.588982985353,4.816566651055241e-05,0.425,0.27999999999999997,neutral,0.0007500980616819299,0.2583396536172786
2025-07-07 19:11:54.057346,RSIStrategy,BUY,54514.69334448623,,0.3004694513549295,0,0,0,5.92428989332721,11203.883448334816,7.376465150362933e-05,0.525,0.31200000000000006,neutral,0.0010978984001392118,0.2425570313455864
2025-07-07 19:16:54.057346,RSIStrategy,BUY,54535.571871543696,,0.2849516282070688,0,0,0,6.0329073325180005,16031.124832767597,0.00010270175710647767,0.525,0.296,neutral,0.0010398224242141494,0.2425570313455864
2025-07-08 00:21:54.057346,RSIStrategy,BUY,54779.55573035226,,0.4849436919635489,0,0,0,16.273048523391203,57057.06952861812,0.00033988812880457556,0.525,0.5060000000000001,neutral,0.001109232175510072,0.4206809059091884
2025-07-08 00:51:54.057346,RSIStrategy,SELL,55026.16506174871,46234.4429665739,0.27187066340553334,-31822.393609882194,-0.5866582447192986,1800.0,3.7709366044523227,-8794.944154133553,5.855503386670104e-05,0.425,0.35200000000000004,neutral,0.0011914367162192665,0.4206809059091884
2025-07-08 01:46:54.057346,RSIStrategy,SELL,54889.70458561551,,0.32364903644709225,0,0,0,4.140818372984362,-12246.860762508342,7.951563385291989e-05,0.425,0.41800000000000004,neutral,0.0010009398585447422,0.6226949227776845
2025-07-08 03:06:54.057346,RSIStrategy,BUY,54989.34160057019,162764.68166183218,0.25504942579371737,-38875.90447752181,-2.816537769284234,4800.0,12.45391157920425,107740.9506631304,0.0006253829766032422,0.425,0.33,neutral,0.0010349600751258694,0.3509766473872714
2025-07-08 03:16:54.057346,RSIStrategy,BUY,54845.6354816821,,0.2983373217630948,0,0,0,5.932343010929023,11432.543917163879,7.469334827263523e-05,0.425,0.385,neutral,0.0010937184380625218,0.3509766473872714
2025-07-08 03:41:54.057346,RSIStrategy,BUY,54997.42902113503,,0.2550119205501464,0,0,0,12.349635368152258,106394.19448994429,0.0006177080148091692,0.425,0.33,neutral,0.0011055561156769352,0.3509766473872714
2025-07-08 05:36:54.057346,RSIStrategy,SELL,54711.9775436784,38245.04053628633,0.2734319005021695,-31412.509988497615,-0.7630794526008147,6900.0,3.1372242355857853,-16472.681306457947,0.000104991618358094,0.425,0.35200000000000004,neutral,0.0010429011224143195,0.5951911727828836
2025-07-08 06:11:54.057346,RSIStrategy,BUY,54569.76193230618,82419.54252734936,0.32554659157277416,-12078.718033153235,-1.1550387023162105,2100.0,8.04942034462977,27840.38225146276,0.0001722262155380737,0.425,0.41800000000000004,neutral,0.0012264096559289942,0.6056456165065129
2025-07-08 06:31:54.057346,RSIStrategy,SELL,54482.89952832658,4369.550188968202,0.2660008943258445,-25408.908978041123,-0.9469840519010615,1200.0,0.34869127742016137,-50129.79542641128,0.00030185777914307893,0.425,0.341,neutral,0.00119947229594202,0.6056456165065129
2025-07-08 06:46:54.057346,RSIStrategy,BUY,54496.57249306495,65788.15696172667,0.3088267615755418,-16337.40432980112,-14.05604790347115,900.0,6.095143039354045,11287.535614891922,7.429556730940821e-05,0.425,0.396,neutral,0.0011453837037853215,0.6056456165065129
2025-07-08 11:06:54.057346,RSIStrategy,SELL,54377.26350257556,36164.732557467796,0.37653604983322136,-9148.50622554514,-0.45028506303182775,15600.0,4.085197662139145,-18218.84112256198,0.00011604440988306064,0.525,0.39,neutral,0.0009475951934251348,0.737847454385907
2025-07-08 15:26:54.057346,RSIStrategy,SELL,54260.55255185228,,0.19581444530714234,0,0,0,0.4026092358170324,-47422.56353975029,0.000287412765712013,0.425,0.25,neutral,0.0008371262943849594,0.8385286327707526
2025-07-08 15:46:54.057346,RSIStrategy,SELL,54273.86696654382,,0.19576640828908684,0,0,0,1.8826221073679719,-22225.88210412257,0.00014005977794569996,0.425,0.25,neutral,0.0009451841278860449,0.8385286327707526
2025-07-08 18:41:54.057346,RSIStrategy,SELL,53505.761328111,,0.2433382812770018,0,0,0,3.385155431731876,-7137.378163754153,4.982905516060419e-05,0.525,0.248,neutral,0.000916063093535367,0.9575757933788898
2025-07-09 00:46:54.057346,RSIStrategy,BUY,53846.381292393686,67194.37811203976,0.25178107933346167,-5067.113042154491,-0.4490588226457399,21900.0,5.075481913857032,13343.272435996312,8.77381828893253e-05,0.425,0.319,neutral,0.001262728577519549,0.8375105800253884
2025-07-09 03:01:54.057346,RSIStrategy,BUY,54110.92051952553,,0.31966745037646005,0,0,0,7.640779588005512,25554.663972454884,0.00016019748806891715,0.425,0.40700000000000003,neutral,0.0008220668850676283,0.7726186267055819
2025-07-09 03:56:54.057346,RSIStrategy,SELL,54233.9808199492,35235.36825915154,0.24136159289979744,-14205.664958873085,-0.5577571553499511,3300.0,2.5513393828319337,-19005.176904772332,0.00012103747273239059,0.425,0.30800000000000005,neutral,0.0008577583929541641,0.6821907968685492
2025-07-09 04:36:54.057346,RSIStrategy,SELL,54082.50412568205,,0.18152820692594343,0,0,0,-1.6131727405229657,-83731.52163452828,0.0004981428150622576,0.425,0.231,neutral,0.0009714311720726217,0.8819369091953329
2025-07-09 04:51:54.057346,RSIStrategy,SELL,54093.47146821259,,0.25063098433175823,0,0,0,3.4403769206027515,-8340.335270935808,5.6758789405083166e-05,0.425,0.319,neutral,0.001174247051285048,0.8819369091953329
2025-07-09 05:06:54.057346,RSIStrategy,SELL,53988.325461273525,,0.3203933415643296,0,0,0,3.6616276952284172,-15898.754509777462,0.00010294752767439661,0.425,0.40700000000000003,neutral,0.0011504811147311964,0.6874302846835632
2025-07-09 06:41:54.057346,RSIStrategy,BUY,54209.5801781162,65111.345333218975,0.30183779225439117,-8655.815854297653,-0.7091777134177776,5700.0,5.8959194178276215,10897.84487511102,7.231710666038732e-05,0.425,0.385,neutral,0.00107812871489896,0.7248958510756477
2025-07-09 09:26:54.057346,RSIStrategy,BUY,54565.5064486588,,0.2648193142603037,0,0,0,8.266964084991177,49476.1725732564,0.00029763715545846577,0.425,0.34,neutral,0.0011536220602773471,0.7309733722551424
2025-07-09 11:06:54.057346,RSIStrategy,BUY,54117.276029631954,,0.45595421296683863,0,0,0,10.695899756509005,24068.78437855261,0.0001513900697813571,0.525,0.47,neutral,0.0009626741874231041,0.6015704210921381
2025-07-09 11:36:54.057346,RSIStrategy,SELL,54253.467869769935,-33038.82583801316,0.24284161948182337,-50717.191020683094,-1.4225224293959677,1800.0,-2.406960591684308,-87320.34995446392,0.0005171327803076725,0.425,0.31,neutral,0.0011512993102362546,0.6015704210921381
2025-07-09 13:46:54.057346,RSIStrategy,BUY,54423.49025194401,63416.482784446,0.28112860695209607,-23423.36335349706,2.9194532849130947,7800.0,5.3484562388978665,8989.70539882289,6.03991707237592e-05,0.425,0.36,neutral,0.0011297979680363341,0.4306386461250418
2025-07-09 14:16:54.057346,RSIStrategy,SELL,54372.24431640337,42995.33821638785,0.2266781545429368,-5740.967924785552,-0.3220163539733048,1800.0,2.923831176252061,-11380.985789404374,7.50325729633464e-05,0.425,0.29,neutral,0.0011544855478661255,0.6653547910131834
2025-07-09 16:46:54.057346,RSIStrategy,SELL,54877.76684959571,,0.3444017693321871,0,0,0,4.573323272379775,-10618.14337128739,6.974984268723718e-05,0.525,0.36000000000000004,neutral,0.0009389006824700595,0.4967707702383108
2025-07-09 19:21:54.057346,RSIStrategy,BUY,54704.8048337701,61872.269346440655,0.223746342523172,-6064.508127579222,-0.3978184637114114,9300.0,4.1531081909624,7164.789331135721,4.890213104628343e-05,0.425,0.288,neutral,0.0012118838981345073,0.2607202082193637
2025-07-09 19:36:54.057346,RSIStrategy,BUY,54675.19517751748,,0.20521188746690894,0,0,0,4.486207534366823,18189.648685542514,0.00011523845239895839,0.425,0.264,neutral,0.0012004100877399827,0.2607202082193637
2025-07-09 21:26:54.057346,RSIStrategy,BUY,54266.25481431566,,0.16290049921904637,0,0,0,3.724659926064976,21941.67406985365,0.0001383967423630064,0.425,0.20800000000000002,neutral,0.00112123639601317,0.199872034546821
2025-07-09 22:36:54.057346,RSIStrategy,BUY,54342.60563919164,,0.193954630552323,0,0,0,3.933810696868095,13259.757294387793,8.643222459150403e-05,0.425,0.248,neutral,0.0009067994180666046,0.245947836910145
2025-07-09 23:26:54.057346,RSIStrategy,SELL,54421.05749813625,46837.826813366046,0.23116052091473646,-4028.288927433549,-0.30720509230202714,3000.0,3.2481169334075717,-7586.047836641327,5.176584213235172e-05,0.425,0.296,neutral,0.000859866555390622,0.2339678376870045
2025-07-10 00:26:54.057346,RSIStrategy,SELL,54283.388175331966,,0.30142738966753774,0,0,0,3.9813164403466144,-10259.728726507516,6.833001580399553e-05,0.425,0.385,neutral,0.0013090263600982262,0.3083016933647399
2025-07-10 00:31:54.057346,RSIStrategy,BUY,54183.95825689302,72549.6195131985,0.293352507113633,-8597.387630081104,-0.6478300149384218,300.0,6.384783832301079,18359.305619939634,0.00011729738044822044,0.425,0.37400000000000005,neutral,0.0013587699040470973,0.3083016933647399
2025-07-10 00:51:54.057346,RSIStrategy,SELL,54303.13079349685,38553.90128892045,0.30131780177137624,-9972.729172220588,-0.4685857548583479,1200.0,3.4850930358264423,-15754.740588567156,0.00010148740800438669,0.425,0.385,neutral,0.00138865486975888,0.3083016933647399
2025-07-10 04:01:54.057346,RSIStrategy,BUY,54642.43398084559,189345.04359339873,0.3080023852140189,-45436.05552578017,-3.9111772677545433,11400.0,17.495617516565762,134659.89955073528,0.0007816280993787302,0.425,0.396,neutral,0.0011314925510964192,0.2115552298358123
2025-07-10 05:01:54.057346,RSIStrategy,BUY,54798.94241764107,,0.17915491735547648,0,0,0,7.512719374640597,84954.42642215503,0.0004985659104214914,0.425,0.231,neutral,0.0009826693204069575,0.0937793080898363
2025-07-10 05:51:54.057346,RSIStrategy,BUY,54840.27762519348,,0.2131189065066074,0,0,0,3.996002190223386,7657.236294663818,5.1805327329052775e-05,0.425,0.275,neutral,0.0012012577922969896,0.1039607652599149
2025-07-10 08:21:54.057346,RSIStrategy,BUY,54823.83445895568,,0.22481098087415272,0,0,0,39.751883493474004,534423.1723812819,0.0030085782286109683,0.425,0.29,neutral,0.0008962132104176577,0.2047636416869658
2025-07-10 09:06:54.057346,RSIStrategy,BUY,54753.07271200383,,0.17852879328646282,0,0,0,3.361301231277105,8003.243967353987,5.401020168606094e-05,0.425,0.23,neutral,0.0010147634602279902,0.1613448564424038
2025-07-10 09:31:54.057346,RSIStrategy,BUY,54800.01463931448,,0.14735397523428498,0,0,0,2.799733664824343,8530.369005117838,5.71846804988577e-05,0.425,0.19,neutral,0.0009838845298703526,0.1613448564424038
2025-07-10 09:46:54.057346,RSIStrategy,BUY,54838.604864753324,,0.19375037031310505,0,0,0,3.675794206227545,8397.655149950604,5.6334967259524774e-05,0.425,0.25,neutral,0.0009235620601598787,0.1613448564424038
2025-07-10 10:21:54.057346,RSIStrategy,SELL,54653.97497326469,46837.994918631564,0.2566144549753365,-3177.768493883618,-0.259353623918866,2100.0,3.605791961454666,-7818.87541898264,5.297628124822345e-05,0.425,0.33,neutral,0.0006550997492820838,0.4226378931689938
2025-07-10 12:31:54.057346,RSIStrategy,BUY,54859.28052038928,84704.89831786131,0.24790700627116966,-9717.19477739706,-0.8084655089316554,7800.0,6.299681327545451,29835.58376360015,0.00018290494838244607,0.425,0.32,neutral,0.0009732710945109207,0.38715408940257
2025-07-10 12:51:54.057346,RSIStrategy,BUY,54908.7418286631,,0.22446334753870073,0,0,0,4.467301188159585,11427.63313893695,7.457782734032289e-05,0.425,0.29,neutral,0.0009613542461227779,0.38715408940257
2025-07-10 13:21:54.057346,RSIStrategy,SELL,54887.98587702112,45130.436378693565,0.24777735569440243,-4760.87513508803,-0.3197148525181078,1800.0,3.3546900561741464,-9761.093204511963,6.456251086249706e-05,0.425,0.32,neutral,0.0007384413171751097,0.4884837990805734
2025-07-10 13:36:54.057346,RSIStrategy,BUY,54941.8286007413,65167.05555746388,0.2707408977610785,-4964.620517171457,-0.443971314849279,900.0,5.293016137822156,10221.530540153162,6.72787321345971e-05,0.425,0.35,neutral,0.0007110161778997767,0.4884837990805734
2025-07-10 14:31:54.057346,RSIStrategy,SELL,55355.50047274649,37093.05142665223,0.42678685583615017,-7600.781082124173,-0.43080056158216595,3300.0,4.749248037524859,-18268.775209233147,0.00011428246668997655,0.525,0.45,neutral,0.0008847060157038005,0.335817578970474
2025-07-10 17:46:54.057346,RSIStrategy,SELL,55403.37629827867,,0.34871520998983335,0,0,0,4.1963485891483225,-15296.267344336717,9.677585587011147e-05,0.525,0.36800000000000005,neutral,0.0014625667342464594,0.4843322508210759
2025-07-10 20:21:54.057346,RSIStrategy,BUY,55105.18419482266,66651.38516768317,0.23446069891213403,-9254.523144367495,-0.6616125625239655,9300.0,4.688139104963052,11542.068320343895,7.499571187358885e-05,0.425,0.30400000000000005,neutral,0.0009604828322580739,0.4232316007518938
2025-07-10 20:46:54.057346,RSIStrategy,BUY,55210.96057559362,,0.20937871537613087,0,0,0,3.961857017817543,7859.351908859643,5.268624790960265e-05,0.425,0.272,neutral,0.0009267104085857227,0.4232316007518938
2025-07-10 21:46:54.057346,RSIStrategy,BUY,54619.94017836397,,0.3306484763810474,0,0,0,6.75396021448266,13463.318215527843,8.721262152352182e-05,0.525,0.34400000000000003,neutral,0.0009302000939569128,0.347707863137751
2025-07-10 21:51:54.057346,RSIStrategy,BUY,54645.30403253152,,0.2997512831157209,0,0,0,5.871781443051043,10647.00888316663,7.022198391108775e-05,0.525,0.31200000000000006,neutral,0.0009411713652211672,0.347707863137751
2025-07-10 22:16:54.057346,RSIStrategy,SELL,54665.167923632245,45740.04550838169,0.29195922387536194,-5861.967479261263,-0.2994985867295149,1500.0,4.006268455995257,-8928.389060323618,5.975734086514788e-05,0.525,0.30400000000000005,neutral,0.0009251817145661045,0.6532244288247421
2025-07-10 23:11:54.057346,RSIStrategy,BUY,54475.27194202538,63490.52125399902,0.2246891032141384,-5182.4151221088705,-0.38807297955933634,3300.0,4.27968848494777,9011.954769679312,6.0477757648240584e-05,0.425,0.288,neutral,0.0006927303946287255,0.4706432905987566
2025-07-11 00:41:54.057346,RSIStrategy,SELL,53997.55071631973,-110489.21351217739,0.4919667586324659,-39091.35058204584,-2.740247383859967,5400.0,-16.307106070630912,-164538.68264341532,0.0009614957387782101,0.525,0.5060000000000001,neutral,0.000852758198962308,0.7711110070824465
2025-07-11 01:21:54.057346,RSIStrategy,SELL,53897.53007975067,,0.5035945053481672,0,0,0,-67.47260470466746,-500658.8986210807,0.0028695975075911213,0.525,0.517,neutral,0.0008569528451523206,0.6316520714556161
2025-07-11 01:31:54.057346,RSIStrategy,SELL,53987.54044434611,,0.3117385948957883,0,0,0,2.2986415028471177,-29418.71321960424,0.00018340258736207493,0.425,0.396,neutral,0.0008309869148084108,0.6316520714556161
2025-07-11 02:56:54.057346,RSIStrategy,SELL,53936.136602677005,,0.2080237982681748,0,0,0,2.9473486557245816,-6710.910503469006,4.6756849496457056e-05,0.425,0.264,neutral,0.0009586534481474473,0.8810754211333258
2025-07-11 03:06:54.057346,RSIStrategy,BUY,53969.9770600888,67441.8945127955,0.32916449047626795,-4205.023539871357,-0.4280141948972358,600.0,6.659843053217562,13467.15253902336,8.828822880598248e-05,0.425,0.41800000000000004,neutral,0.0009519332646424883,0.7301555166078744
2025-07-11 03:31:54.057346,RSIStrategy,SELL,53952.69999550062,34480.10587582183,0.30327490563705894,-10849.850361875875,-0.48874351580855946,1500.0,3.1370852567537004,-19479.311568093464,0.00012450625112797652,0.425,0.385,neutral,0.000984273448988202,0.7301555166078744
2025-07-11 04:16:54.057346,RSIStrategy,SELL,53705.53826652814,,0.4516293995533208,0,0,0,4.764719138826962,-18545.07353043895,0.00011946207575882664,0.525,0.462,neutral,0.0009350929298070733,0.6741088909909168
2025-07-11 04:26:54.057346,RSIStrategy,SELL,53693.580564895325,,0.40870807588398317,0,0,0,4.888583576439385,-13828.249298996016,9.094335693686685e-05,0.525,0.41800000000000004,neutral,0.0008539937654745219,0.6741088909909168
2025-07-11 05:36:54.057346,RSIStrategy,SELL,53685.05620358905,,0.20899670771416462,0,0,0,2.802792001882571,-8986.011233022453,6.120939923620024e-05,0.425,0.264,neutral,0.0008554471722886262,0.8016577650053365
2025-07-11 06:41:54.057346,RSIStrategy,BUY,53460.4305222084,191022.6904997653,0.37808337498523087,-30580.473406877543,-3.2732154280093573,3900.0,21.666751056873142,137518.66758710588,0.0008154141301371359,0.525,0.385,neutral,0.0009780652733110341,0.9492236110879751
2025-07-11 07:06:54.057346,RSIStrategy,SELL,53379.24930844095,-3454.276660631428,0.25398446354426585,-73528.50810089472,-1.0180830698782126,1500.0,-0.26319978137518546,-56852.08090438269,0.0003476057747289408,0.425,0.319,neutral,0.000994382557472871,0.7809358667323264
2025-07-11 07:46:54.057346,RSIStrategy,SELL,53536.94690196578,,0.32309462905447955,0,0,0,3.878751911356857,-13525.054993700958,8.93576521135314e-05,0.425,0.40700000000000003,neutral,0.0009957783564836468,0.7809358667323264
2025-07-11 09:36:54.057346,RSIStrategy,SELL,53499.52217773818,,0.23037588932202813,0,0,0,0.5751505892151973,-45192.500407440464,0.00027838562008431926,0.425,0.29,neutral,0.000975243761953237,0.7898164039216746
2025-07-11 14:46:54.057346,RSIStrategy,SELL,54135.9964014478,,0.15701198029067176,0,0,0,2.1913762717045127,-7616.3383168286355,5.222753380716265e-05,0.425,0.2,neutral,0.0012382654837074412,1.0
2025-07-11 17:11:54.057346,RSIStrategy,SELL,53470.89788039927,,0.24349693975819167,0,0,0,2.141582612831152,-24162.084037398097,0.0001537811615869373,0.525,0.248,neutral,0.0009244191419031871,0.8142793570222765
2025-07-11 17:56:54.057346,RSIStrategy,SELL,53404.926347646906,,0.1782607083479194,0,0,0,1.0511916370213807,-33759.76076762288,0.00021123860266333638,0.425,0.22400000000000003,neutral,0.0010519450180358336,0.8142793570222765
2025-07-11 19:56:54.057346,RSIStrategy,BUY,53432.0326756896,76363.15708639876,0.20998639651425524,-10108.57835050028,-2.8848912018964272,7200.0,4.810567254907467,22923.298771331516,0.00014645969815785438,0.425,0.264,neutral,0.0012011256133081765,0.6750664293616077
2025-07-11 20:06:54.057346,RSIStrategy,SELL,53402.274255720586,45369.98280326341,0.2228369515316146,-6508.144984253878,-0.40586554387830076,600.0,3.033032597676299,-8035.259649788318,5.558185250564323e-05,0.425,0.27999999999999997,neutral,0.0011525616545014596,0.6997627718047567
2025-07-11 22:36:54.057346,RSIStrategy,BUY,53205.822081748,66989.87997188912,0.35522428299220954,-4817.71197748354,-0.47652425310310287,9000.0,7.138929624224548,13779.190772077836,9.147717059624745e-05,0.525,0.36000000000000004,neutral,0.0007669175839683833,0.7398966457641646
2025-07-14 00:46:54.057346,RSIStrategy,SELL,51459.56661783879,45460.9229197733,0.2180352602524739,-7647.608332407916,-0.3213762595357686,180600.0,2.9736252480391285,-6000.924789944735,4.432784862306477e-05,0.425,0.264,neutral,0.0009134261558287816,0.8378158450374424
2025-07-14 01:01:54.057346,RSIStrategy,SELL,51399.45013686755,,0.18190856079398948,0,0,0,2.414694146059092,-7154.724514146441,5.1992097271906404e-05,0.425,0.22000000000000003,neutral,0.0009515710004648597,0.8378158450374424
2025-07-14 01:36:54.057346,RSIStrategy,SELL,51335.74241387318,,0.346055188152867,0,0,0,4.322255781231046,-9705.679920629384,6.868347059157219e-05,0.425,0.41800000000000004,neutral,0.0008511811470150874,0.7704523766956268
2025-07-14 01:46:54.057346,RSIStrategy,BUY,51315.7712666197,61061.109322145814,0.3097488278489446,-6722.9944045278,-0.4666309500045127,600.0,5.67408211190728,9741.800139130015,6.89440362831346e-05,0.425,0.37400000000000005,neutral,0.0008027199911995154,0.7704523766956268
2025-07-14 03:26:54.057346,RSIStrategy,SELL,51486.581019895646,39319.2237335807,0.39257801935206005,-6734.523576283905,-0.3560676481303248,6000.0,4.630758892736887,-12171.697755118807,8.430291384434535e-05,0.525,0.385,neutral,0.0007224396817817484,0.6921022860607514
2025-07-14 04:36:54.057346,RSIStrategy,SELL,51678.82392860342,,0.1809251699093896,0,0,0,2.381263442627251,-7809.740210124923,5.5976815245424344e-05,0.425,0.22000000000000003,neutral,0.0010734318423815216,0.923806749560522
2025-07-14 05:06:54.057346,RSIStrategy,SELL,51649.6522747638,,0.32584924116174924,0,0,0,3.779999821600896,-12986.072973667106,8.921149595042334e-05,0.425,0.396,neutral,0.0011500119862400664,0.5723749426076895
2025-07-14 05:21:54.057346,RSIStrategy,BUY,51540.10908499446,60129.84629546852,0.3084005890206336,-6993.2653812147155,-0.5550210881956824,900.0,5.563224004572796,8586.584133345033,6.117715280385135e-05,0.425,0.37400000000000005,neutral,0.0010251349435701678,0.5723749426076895
2025-07-14 07:21:54.057346,RSIStrategy,SELL,51622.76200715375,40380.848493344914,0.2988507278603593,-6090.602554742118,-0.3284391865078145,7200.0,3.6203537891565065,-11245.949144059421,7.81754035172724e-05,0.425,0.36300000000000004,neutral,0.0008591850482421874,0.7262746632883426
2025-07-14 08:01:54.057346,RSIStrategy,SELL,51624.962292058335,,0.24697354601189472,0,0,0,3.1358177472187045,-9305.094067903387,6.571780287798551e-05,0.425,0.3,neutral,0.0008047584914285364,0.7262746632883426
2025-07-14 08:21:54.057346,RSIStrategy,SELL,51489.18510264076,,0.2723872978770583,0,0,0,2.561494757518325,-20149.885650510336,0.00013467117779946512,0.425,0.33,neutral,0.0009806122311352976,0.7325969102561702
2025-07-14 11:31:54.057346,RSIStrategy,SELL,50876.98520761666,,0.18377661258513872,0,0,0,1.5158394714446743,-23390.721516582475,0.00015677052286197727,0.425,0.22,neutral,0.0010562512555737156,0.881527999212752
2025-07-14 13:16:54.057346,RSIStrategy,SELL,50910.91838519212,,0.2671332678994783,0,0,0,3.086757277169758,-12398.26285065433,8.672025523412619e-05,0.425,0.32,neutral,0.0007017221996980101,0.783065081383298
2025-07-14 13:21:54.057346,RSIStrategy,BUY,50813.61148691245,60382.49953534723,0.30946432540127816,-5840.983500916843,-0.5676815158857353,300.0,5.605868845424768,9565.408647799635,6.847379143756852e-05,0.425,0.37,neutral,0.0008270376120180413,0.783065081383298
2025-07-14 14:06:54.057346,RSIStrategy,BUY,50781.81464432574,,0.2594432690575808,0,0,0,4.703119985562564,9640.479195271284,6.900803332817139e-05,0.425,0.31,neutral,0.0008393110897449506,0.4599831020044988
2025-07-14 15:01:54.057346,RSIStrategy,SELL,50816.44426287442,42682.063421736544,0.3010836397929145,-4603.492554283555,-0.29364502086371347,3300.0,3.8552613026665377,-8137.383723804465,5.909273484493552e-05,0.425,0.36,neutral,0.0011810323093572773,0.4599831020044988
2025-07-14 17:46:54.057346,RSIStrategy,SELL,50968.12431983842,,0.24015009701339549,0,0,0,2.732391224488482,-13046.59307600721,9.079584904952829e-05,0.425,0.288,neutral,0.0011451551089405188,0.3582092152837133
2025-07-14 18:01:54.057346,RSIStrategy,SELL,50970.204958090646,,0.22679916648373313,0,0,0,1.4725307769410316,-29337.86792897791,0.00019376434591760865,0.425,0.272,neutral,0.0009442938586476084,0.3582092152837133
2025-07-14 19:11:54.057346,RSIStrategy,SELL,50630.260783558006,,0.3401128047436827,0,0,0,0.2689169164557989,-48010.47550682752,0.00031168427551212045,0.525,0.328,neutral,0.0008350574852627337,0.4326311521103903
2025-07-14 21:41:54.057346,RSIStrategy,BUY,50942.36229043138,57826.231780396825,0.2335973336327829,-18771.052157069716,-20.9407266799689,9000.0,4.052416067379598,6881.289416712725,5.064691028680849e-05,0.425,0.27999999999999997,neutral,0.001022137713152224,0.3479216910536356
2025-07-14 22:06:54.057346,RSIStrategy,BUY,51011.52649318083,,0.21995028910769568,0,0,0,3.788262448203207,6396.945952919855,4.736027269726551e-05,0.425,0.264,neutral,0.0010524341710752194,0.4622683397749918
2025-07-15 00:56:54.057346,RSIStrategy,BUY,51094.66020192542,,0.2836402070730255,0,0,0,5.111112937505572,8967.743682245435,6.420217413561526e-05,0.425,0.341,neutral,0.0009468722383669011,0.2944659620578247
2025-07-15 01:16:54.057346,RSIStrategy,BUY,51025.49613542413,,0.31151093480431635,0,0,0,5.907097522209726,12179.258407837073,8.511495336657432e-05,0.425,0.37400000000000005,neutral,0.001012910464663455,0.2516431486639577
2025-07-15 04:01:54.057346,RSIStrategy,BUY,51201.221924718375,,0.3013111683678799,0,0,0,5.374861207033986,8256.538342735179,5.9426914463177765e-05,0.425,0.36300000000000004,neutral,0.001093179654859641,0.2029817386777601
2025-07-15 05:21:54.057346,RSIStrategy,BUY,51098.02156249687,,0.3202178773201108,0,0,0,6.422251462780628,15749.403352433454,0.00010782981579511946,0.425,0.385,neutral,0.0011209945248239772,0.3997048212058955
2025-07-15 06:26:54.057346,RSIStrategy,SELL,51547.37333102135,38736.43019555835,0.4705380397220604,-9003.407423755085,-0.42057248034898187,3900.0,5.4680891790145365,-12815.494968131365,8.830387222907392e-05,0.525,0.462,neutral,0.0012363784099490367,0.2981038135365523
2025-07-15 07:01:54.057346,RSIStrategy,BUY,51426.03441290861,65515.66317709339,0.28181251316477546,-12600.647792391843,-0.6913190721587359,2100.0,5.538940107478088,14084.661510337062,9.659025636383794e-05,0.425,0.341,neutral,0.0012125721524202562,0.2981038135365523
2025-07-15 08:26:54.057346,RSIStrategy,BUY,51372.22432012547,,0.15718610799642865,0,0,0,2.6476645125802283,4773.043103815246,3.6198944831429384e-05,0.425,0.19,neutral,0.0008808387027502343,0.1171144543881374
2025-07-15 10:46:54.057346,RSIStrategy,BUY,51477.82400365486,,0.1733756267430095,0,0,0,3.030268473318338,6779.808560592587,4.945127963743721e-05,0.425,0.21,neutral,0.0010058534059376064,0.1795795793909849
2025-07-15 11:36:54.057346,RSIStrategy,BUY,51500.77367760326,,0.23106448991416012,0,0,0,5.405127236508723,26464.56201410188,0.00017397191363850012,0.425,0.28,neutral,0.001050809515561349,0.0989756955626892
2025-07-15 12:06:54.057346,RSIStrategy,SELL,51497.87799703964,32055.6216994826,0.29709962031599674,-10610.174911490181,-0.588895012858763,1800.0,2.8571139107728523,-19448.96436537071,0.00013025911114341305,0.425,0.36,neutral,0.0008646927214046491,0.4376209608510013
2025-07-15 13:01:54.057346,RSIStrategy,BUY,51472.17585513691,77519.56109837913,0.27247730967254824,-13507.319133481644,-1.4182828779649077,3300.0,6.336696436524923,26038.56166918311,0.0001714241512527779,0.425,0.33,neutral,0.0009825514395480372,0.4376209608510013
2025-07-15 13:31:54.057346,RSIStrategy,BUY,51439.26158447404,,0.23960297291126095,0,0,0,5.018178532402076,18366.793204382113,0.00012361217503326527,0.425,0.29,neutral,0.001025525630642298,0.2559378368623934
2025-07-15 15:36:54.057346,RSIStrategy,SELL,51546.30979273847,35414.0750948289,0.2720854326215173,-8241.944099049935,-0.4927252415890866,7500.0,2.8906961829202267,-16137.870789787878,0.000109340356292497,0.425,0.33,neutral,0.0006674483891475082,0.348217253334248
2025-07-15 16:11:54.057346,RSIStrategy,BUY,51580.655656473966,67881.7048260631,0.15819884210750287,-8833.969081618094,-0.916800160509488,2100.0,3.221642131129942,16295.361922030757,0.00011025931109235689,0.425,0.192,neutral,0.0007880806936761292,0.0764449190913882
2025-07-15 17:16:54.057346,RSIStrategy,SELL,51525.86401756213,-317659.7890478038,0.19795883474216794,-60992.21791524265,-5.679608295957803,3900.0,-18.86506850530384,-369300.2784088384,0.00222461759075771,0.425,0.24,neutral,0.001150533261868207,0.1812455021420438
2025-07-15 17:36:54.057346,RSIStrategy,BUY,51403.63874724354,60075.648600209744,0.2941426009615086,-74776.0670776236,1.1891194626184465,1200.0,5.301242260114593,8668.829274195234,6.187458414394933e-05,0.525,0.288,neutral,0.001044153414845241,0.1812455021420438
2025-07-15 19:06:54.057346,RSIStrategy,BUY,51305.24602779952,,0.20543708131306782,0,0,0,3.531055665246501,5985.86180993371,4.4361617223003675e-05,0.425,0.248,neutral,0.001001504856833799,0.2806136920538329
2025-07-15 19:36:54.057346,RSIStrategy,BUY,51222.16503833972,,0.20577029479544304,0,0,0,3.868914882349444,11447.419305058189,8.008502048777801e-05,0.425,0.248,neutral,0.0008833297849985698,0.2806136920538329
2025-07-15 20:41:54.057346,RSIStrategy,BUY,51384.24082207291,,0.20512125568803533,0,0,0,3.5484155191736266,6277.089799756775,4.622284497975226e-05,0.425,0.248,neutral,0.0009430973629929154,0.3803682940416348
2025-07-15 20:46:54.057346,RSIStrategy,BUY,51328.82226364096,,0.19871876170486816,0,0,0,3.4414344595838697,6395.813795640522,4.705892630403189e-05,0.425,0.24,neutral,0.0009777280469158466,0.3803682940416348
2025-07-15 23:36:54.057346,RSIStrategy,BUY,51783.22715927971,,0.21010664257239656,0,0,0,3.706153229561153,7012.118844174376,5.067563134751389e-05,0.425,0.256,neutral,0.000886664560578136,0.4535876087698148
2025-07-16 00:11:54.057346,RSIStrategy,BUY,51633.84112398809,,0.3078407426987935,0,0,0,5.993298855855098,13257.559682765057,9.096154352603829e-05,0.425,0.37400000000000005,neutral,0.0009234530696765953,0.3952633521532977
2025-07-16 01:16:54.057346,RSIStrategy,BUY,51496.561253878615,,0.3358962147923457,0,0,0,14.064346381957126,88045.51373863085,0.0005492014609148332,0.425,0.40700000000000003,neutral,0.0010173919427758408,0.5533317491410225
2025-07-16 04:21:54.057346,RSIStrategy,SELL,51873.0883126714,40161.86198555652,0.3334580716640042,-33390.93718656271,-0.7122464765813638,11100.0,4.017689115641867,-11715.416627189783,8.077984579678614e-05,0.425,0.40700000000000003,neutral,0.0009017897812787478,0.5483361640890914
2025-07-16 05:21:54.057346,RSIStrategy,BUY,51787.2945566817,140129.07481613877,0.29790125419883545,-33334.874020111056,-2.489108021598541,3600.0,12.523388141235058,88313.41509597596,0.0005477243737857292,0.425,0.36300000000000004,neutral,0.0006718400195203643,0.6370871758420856
2025-07-16 05:26:54.057346,RSIStrategy,BUY,51773.813855685614,,0.3340974657230211,0,0,0,9.007389049608118,38081.41365830015,0.00024433420854259473,0.425,0.40700000000000003,neutral,0.0006734730592992381,0.6370871758420856
2025-07-16 08:16:54.057346,RSIStrategy,BUY,51261.18500402641,,0.3994250230148162,0,0,0,41.06591080695447,291356.5495595704,0.0017715674317969963,0.525,0.39,neutral,0.0009690049670427777,0.4688053592484238
2025-07-16 10:21:54.057346,RSIStrategy,SELL,50986.06007940521,44067.66972265192,0.16671223441784244,-119284.63936333533,-0.8714135667713081,7500.0,2.2039859055152413,-6920.983844578699,5.0866605918638584e-05,0.425,0.2,neutral,0.000949874081716584,0.8349822912170315
2025-07-16 11:01:54.057346,RSIStrategy,SELL,50934.6746811464,,0.20025650627696176,0,0,0,-1.418538057217789,-74570.78255062492,0.0004729601177653728,0.425,0.24,neutral,0.0011579174645391208,0.8349822912170315
2025-07-16 12:31:54.057346,RSIStrategy,SELL,50740.400850246166,,0.3931778162115803,0,0,0,3.010924099499333,-25222.565000583636,0.00016875645021987952,0.525,0.38,neutral,0.0010961522263351958,0.7499114474649451
2025-07-16 13:01:54.057346,RSIStrategy,BUY,50631.4044321787,109769.73522274286,0.4873457546107065,-33122.61111600365,-3.3002437146965677,1800.0,16.04874433366352,59119.065533392175,0.00038050015376916036,0.525,0.47,neutral,0.0009271747534494137,0.7499114474649451
2025-07-16 13:16:54.057346,RSIStrategy,BUY,50735.9255712096,,0.28480804947017146,0,0,0,5.412741661071586,12609.176778472509,8.838476613264543e-05,0.425,0.34,neutral,0.0008772977512954077,0.7339857877936401
2025-07-16 13:21:54.057346,RSIStrategy,SELL,50709.21149872221,-34964.0213125997,0.2765769686707396,-28000.50691524698,-1.5519218541294795,300.0,-2.901072908153388,-85700.78634611289,0.0005433635029341486,0.425,0.33,neutral,0.000872320239488616,0.7339857877936401
2025-07-16 13:36:54.057346,RSIStrategy,BUY,50688.30324463124,87780.32468646229,0.301844785100802,-33948.259137892994,3.510590069192917,900.0,7.94880997231915,37079.68801387044,0.00024331901387733443,0.425,0.36,neutral,0.0009112111304104218,0.7339857877936401
2025-07-16 14:41:54.057346,RSIStrategy,SELL,50533.5725962349,-179476.11861500246,0.31958951584601175,-80669.9636951353,-3.0446053173767966,3900.0,-17.207605756227007,-230081.74136628368,0.0014257878741723129,0.425,0.38,neutral,0.0008794042729158925,0.6196374755192293
2025-07-16 15:06:54.057346,RSIStrategy,SELL,50338.34383286649,,0.47975356678763403,0,0,0,-4.650966900299686,-82679.93008155508,0.000528710450488478,0.525,0.46,neutral,0.0008580081358845861,0.7271413522922809
2025-07-16 16:56:54.057346,RSIStrategy,SELL,50275.02656045221,,0.1825956270547504,0,0,0,0.9838442274666087,-32325.506372530966,0.00021534468155209608,0.425,0.21600000000000003,neutral,0.0009203645845888105,0.8637461867082851
2025-07-17 00:21:54.057346,RSIStrategy,SELL,50502.72821032217,,0.5145761609506169,0,0,0,5.506370003837957,-14838.650950491903,0.00010323113997871474,0.525,0.49500000000000005,neutral,0.0010768908167008667,0.7123439456705819
2025-07-17 01:11:54.057346,RSIStrategy,SELL,50521.0595778008,,0.41151155921391697,0,0,0,4.428683908513755,-14652.907415031272,0.0001019948255187041,0.525,0.396,neutral,0.0011679447976357391,0.6184067106184004
2025-07-17 01:46:54.057346,RSIStrategy,BUY,50571.22167654103,111312.1326808181,0.32355358359061026,-31043.94958386401,-2.1029238183505092,2100.0,10.804631827797655,60721.144412106376,0.00039086641602472635,0.425,0.385,neutral,0.001027881092759992,0.6184067106184004
2025-07-17 01:56:54.057346,RSIStrategy,SELL,50517.021321259184,22951.783371402267,0.2683748892038211,-28589.3076663796,-0.7938069928350456,600.0,1.847904695799056,-27574.552164021832,0.00018437773885519255,0.425,0.319,neutral,0.000950869932604944,0.6184067106184004
2025-07-17 02:36:54.057346,RSIStrategy,BUY,50612.90218630088,63013.860755486974,0.3417606826087483,-10751.65557922864,-1.7454886505247227,2400.0,6.460698019682354,12396.544074952855,8.722072915289747e-05,0.425,0.40700000000000003,neutral,0.0007454761660011522,0.6450919427591176
2025-07-17 03:16:54.057346,RSIStrategy,BUY,50377.12048062415,,0.3062402108896571,0,0,0,18.127511411360963,146888.9505940771,0.0009226919837485827,0.425,0.36300000000000004,neutral,0.0007675163494656371,0.6645105035584229
2025-07-17 04:41:54.057346,RSIStrategy,SELL,50545.9643860941,29250.052490217735,0.2774702228029598,-51467.49579473205,-0.8517577723736988,5100.0,2.4348055744376955,-21303.21751449308,0.00014453416223124345,0.425,0.33,neutral,0.0012468333051517855,0.7013031391613491
2025-07-17 08:36:54.057346,RSIStrategy,BUY,50604.40762194709,63483.31817796586,0.2603528154785872,-9498.711857652392,-1.170365957435357,14100.0,4.958418187066917,12874.339265691771,9.033383734381307e-05,0.425,0.31,neutral,0.0008637546052711462,0.4929184039065449
2025-07-17 09:21:54.057346,RSIStrategy,SELL,50640.09562190741,9205.221205755375,0.2601693349548172,-14131.455365534779,-0.8549977935943749,2700.0,0.718474883764007,-41448.58829526309,0.00027081068751236607,0.425,0.31,neutral,0.001197917002980585,0.5431181476041455
2025-07-17 09:56:54.057346,RSIStrategy,SELL,50658.46636384467,,0.31041208170532086,0,0,0,1.4031086659665357,-35603.17109663242,0.00023423478356103427,0.425,0.37,neutral,0.0011260327437768924,0.5431181476041455
2025-07-17 10:01:54.057346,RSIStrategy,SELL,50728.29740600459,,0.2764729099372433,0,0,0,3.571706730706812,-7668.3737177832545,5.609259164718671e-05,0.425,0.33,neutral,0.001158999874284645,0.5431181476041455
2025-07-17 13:01:54.057346,RSIStrategy,SELL,50479.80597979135,,0.46800893033261315,0,0,0,4.454701476536513,-18758.253626933925,0.00012847139206703667,0.525,0.45,neutral,0.0009332182855849846,0.4122479424687199
2025-07-17 13:31:54.057346,RSIStrategy,SELL,50472.76621203036,,0.2947133893456882,0,0,0,3.542864247632669,-10405.228125084614,7.445645496898758e-05,0.425,0.35,neutral,0.0008744388760400532,0.4758826377834366
2025-07-17 14:21:54.057346,RSIStrategy,BUY,50436.847797672126,76002.34967489797,0.219085856521549,-10589.362578816448,-0.8966780976063841,3000.0,4.995311962852588,25556.832139351307,0.000171892936475886,0.425,0.26,neutral,0.0009885052606896192,0.177742607950714
2025-07-17 16:21:54.057346,RSIStrategy,BUY,50188.978001093616,,0.25742703905464015,0,0,0,8.304793507000714,57328.204562459185,0.000372683320675386,0.425,0.30400000000000005,neutral,0.0008894291119177719,0.2767477965246285
2025-07-17 17:51:54.057346,RSIStrategy,BUY,50019.07640119481,,0.36106224463530073,0,0,0,8.417791847036424,27684.7844565509,0.00018691797681754283,0.525,0.34400000000000003,neutral,0.0008407348585561464,0.3363264564744114
2025-07-17 18:36:54.057346,RSIStrategy,SELL,49945.264737153375,3884.574094506278,0.2314533732244035,-26656.733114773502,-0.9500139798832743,2700.0,0.2697293333140833,-46075.8628114332,0.00030377592081956323,0.425,0.272,neutral,0.0008343056544674367,0.3323482083683255
2025-07-17 20:26:54.057346,RSIStrategy,SELL,49874.04410891052,,0.20451519787980585,0,0,0,1.7651149691412813,-21112.19628230511,0.00014525138796086363,0.425,0.24,neutral,0.0009495707586052881,0.4804945672015221
2025-07-17 21:01:54.057346,RSIStrategy,BUY,49824.4567877217,56024.72685031564,0.2456624876443473,-5574.191534150104,-0.9473929401089242,2100.0,4.12895213029308,6197.921588010352,4.713497617427408e-05,0.425,0.288,neutral,0.0010322614324116339,0.4804945672015221
2025-07-17 21:26:54.057346,RSIStrategy,BUY,49701.84593696864,,0.20522376599322958,0,0,0,3.826218846320636,12440.82932094199,8.911526922326859e-05,0.425,0.24,neutral,0.0011135617444613648,0.1344508171796823
2025-07-17 21:51:54.057346,RSIStrategy,BUY,49850.72214552107,,0.18414978971021378,0,0,0,3.0583089879848764,5506.247470529347,4.237249374104473e-05,0.425,0.21600000000000003,neutral,0.0012927873818775516,0.1344508171796823
2025-07-17 23:41:54.057346,RSIStrategy,BUY,49824.820800833855,,0.16377379524591157,0,0,0,2.6907038400052516,4937.901498094204,3.847195148845349e-05,0.425,0.192,neutral,0.0012897608069188185,0.1987490064457875
2025-07-18 00:11:54.057346,RSIStrategy,BUY,49775.477381313096,,0.33811830414143623,0,0,0,7.052247782676476,19742.17995692312,0.0001366727172719104,0.425,0.396,neutral,0.0009726304163934533,0.3042563595520822
2025-07-18 00:26:54.057346,RSIStrategy,BUY,49825.53196237131,,0.30024767244427875,0,0,0,5.218580200624459,8107.86849810283,6.0072886042456856e-05,0.425,0.35200000000000004,neutral,0.0009159259795914938,0.3042563595520822
2025-07-18 01:11:54.057346,RSIStrategy,BUY,49703.900696918594,,0.19751970896337798,0,0,0,3.5716830318170234,10567.842461150589,7.669353292072512e-05,0.425,0.231,neutral,0.0009497441512189462,0.0447337554966904
2025-07-18 01:46:54.057346,RSIStrategy,BUY,49569.15941842486,,0.18862534910213963,0,0,0,3.159300283778741,6258.72429130391,4.779588747527988e-05,0.425,0.22000000000000003,neutral,0.0012462254946149917,0.0447337554966904
2025-07-18 02:36:54.057346,RSIStrategy,SELL,49173.78520725721,34024.537164788984,0.342255531663163,-4113.11074518209,-0.39057168129607417,3000.0,3.493525817078371,-15154.564660913678,0.0001081189585678644,0.425,0.396,neutral,0.0011757990433090163,0.259366522855279
2025-07-18 03:31:54.057346,RSIStrategy,BUY,48988.79803640496,65354.93851278055,0.41259432380805755,-10723.003170577133,-0.920817855544983,3300.0,8.089522998959362,16360.431658567355,0.0001165331266955605,0.525,0.385,neutral,0.000897580757506116,0.2073984228935594
2025-07-18 05:31:54.057346,RSIStrategy,BUY,48522.31649334645,,0.5355783045428901,0,0,0,11.132796077405876,20758.87143812345,0.00014695869035483708,0.525,0.49500000000000005,neutral,0.0011969716791730733,0.2910335947758379
2025-07-18 05:36:54.057346,RSIStrategy,SELL,48448.548656452695,-53157.28151321176,0.5006341917895524,-65579.20696497466,-1.7671896577195463,300.0,-7.983705800428946,-101638.33017757768,0.0006708148915600615,0.525,0.462,neutral,0.0012167865666025057,0.2910335947758379
2025-07-18 06:31:54.057346,RSIStrategy,BUY,48424.91869631727,68818.38720024803,0.3572024582731097,-61065.19032435314,2.294618258142939,3300.0,7.374629124695792,20386.457651495035,0.00014477778434069093,0.425,0.40700000000000003,neutral,0.0011923953116758652,0.331963113487113
2025-07-18 08:36:54.057346,RSIStrategy,SELL,48360.43195586682,33450.414273542294,0.3251625215910076,-12633.52687355608,-0.5139320226118037,7500.0,3.263046316034654,-14915.256469119038,0.00010832795702252813,0.425,0.37,neutral,0.000929202894590162,0.4433723011014036
2025-07-18 09:41:54.057346,RSIStrategy,BUY,48394.49081596067,54406.345180650314,0.19320380982118604,-6814.083336042176,-0.626477470076751,3900.0,3.1534539502044496,6009.569782438786,4.7207486065757295e-05,0.425,0.22,neutral,0.001227719242503255,0.1580298622713724
2025-07-18 09:56:54.057346,RSIStrategy,BUY,48383.86410646067,,0.20203016399210558,0,0,0,3.2455848727512326,5163.650761160709,4.123093901271543e-05,0.425,0.23,neutral,0.0012082002438515856,0.1580298622713724
2025-07-18 11:11:54.057346,RSIStrategy,BUY,48399.11600547902,,0.2897780198797908,0,0,0,5.110079906115098,10378.679305089543,7.747230332370646e-05,0.425,0.33,neutral,0.0009807240438731543,0.3010943607491818
2025-07-18 14:01:54.057346,RSIStrategy,SELL,48930.76174877985,25314.803578251707,0.48282510134004036,-9697.926032498703,-0.5693409620205812,10200.0,3.66678678092178,-23624.00930721254,0.00016454141314484194,0.525,0.45,neutral,0.0009008488716401661,0.3584261990954121
2025-07-18 17:01:54.057346,RSIStrategy,SELL,48818.41864759143,,0.25072504065233353,0,0,0,-0.17941911188962323,-51220.545171459366,0.00034391863154347477,0.425,0.288,neutral,0.0011407628862641931,0.5680399825179125
2025-07-18 17:06:54.057346,RSIStrategy,BUY,48797.6790530133,74811.98787166554,0.2577991462736008,-19355.30240670397,32.3632786990014,300.0,5.785939981303906,26005.49536851904,0.00018061207631666688,0.425,0.296,neutral,0.00114465129890921,0.3871523611793253
2025-07-18 17:21:54.057346,RSIStrategy,BUY,48709.11279083247,,0.25128768106619437,0,0,0,4.463052190090316,10489.52813750103,7.773141202254589e-05,0.425,0.288,neutral,0.0011806043264016713,0.3871523611793253
2025-07-18 21:46:54.057346,RSIStrategy,BUY,49479.58889882472,,0.2336316905065188,0,0,0,10.61791363271961,101978.57902737253,0.0006589644274248601,0.425,0.272,neutral,0.0010255835274206196,0.5207932831491441
2025-07-18 22:31:54.057346,RSIStrategy,SELL,49464.466292337,42233.14683442506,0.21995587571285535,-25526.043952061933,-0.7212163755053217,2700.0,2.7868286388226706,-7234.018912580003,5.4573613553468266e-05,0.425,0.256,neutral,0.0008667057795661511,0.7552440137938186
2025-07-18 23:01:54.057346,RSIStrategy,SELL,49371.09904443071,,0.20659860115369677,0,0,0,2.699806372551018,-5813.706222347029,4.49164926960694e-05,0.425,0.24,neutral,0.0006166873054113027,0.7552440137938186
2025-07-18 23:31:54.057346,RSIStrategy,BUY,49495.89054169851,59108.000137943585,0.2541625145506131,-3212.2755703215994,-0.356945105728418,1800.0,4.506911383535319,9608.615608451093,7.059147245851386e-05,0.425,0.296,neutral,0.0008588551085641707,0.747250304089672
2025-07-21 01:31:54.057346,RSIStrategy,BUY,47802.61203044661,,0.3422930108835546,0,0,0,6.031508291517279,10929.763826615876,8.225331901724945e-05,0.425,0.385,neutral,0.000983751692474978,0.3014727670897827
2025-07-21 01:41:54.057346,RSIStrategy,BUY,47839.98298244858,,0.31270914133661987,0,0,0,8.040852033600144,37859.162131201294,0.00026296993506980506,0.425,0.35200000000000004,neutral,0.0010069624846242805,0.3014727670897827
2025-07-21 05:06:54.057346,RSIStrategy,SELL,47909.35648847522,19037.948374101605,0.5303765665504707,-20849.499623124266,-0.7778839681168447,12300.0,3.0291845078463377,-28881.139342153514,0.00020311748044958487,0.525,0.48400000000000004,neutral,0.0011015440124225347,0.411877826519645
2025-07-21 05:46:54.057346,RSIStrategy,SELL,47853.24099500467,,0.36146976966106975,0,0,0,3.7069405233064656,-13674.113931799497,0.00010101021929993865,0.425,0.40700000000000003,neutral,0.0010884331866227949,0.411877826519645
2025-07-21 10:16:54.057346,RSIStrategy,BUY,47797.07068601018,59059.87958402835,0.4723092791250808,-8991.892658427692,-0.7277073318463089,16200.0,8.368358745463953,11258.768383219192,8.453477882609995e-05,0.525,0.43,neutral,0.0012343635668392225,0.5958253215060293
2025-07-21 12:26:54.057346,RSIStrategy,SELL,47438.9275613896,30158.971557022298,0.5201424498492017,-13650.16703629549,-0.489349254190179,7800.0,4.706088405180592,-17285.965327836584,0.0001266749435155904,0.525,0.47,neutral,0.0010141327581375485,0.4608514459119128
2025-07-21 12:31:54.057346,RSIStrategy,BUY,47408.74579077227,103340.90617937756,0.47617796302035986,-38065.030759175985,-2.4265394621957985,300.0,14.76259866035224,55913.89843263176,0.00038520225896994777,0.525,0.43,neutral,0.0008895712845602463,0.4608514459119128
2025-07-21 13:06:54.057346,RSIStrategy,SELL,47593.82555999765,40604.738515445104,0.2500324329885742,-29873.580525915128,-0.6070797129941553,2100.0,3.045750468564482,-6991.70503127329,5.500685624539057e-05,0.425,0.28,neutral,0.001013473257299001,0.6498920968974086
2025-07-21 14:16:54.057346,RSIStrategy,BUY,47633.47471761383,56614.44576765799,0.31228038870109015,-4002.946055705609,-0.39428174734146276,4200.0,5.303874339126308,8977.686746322295,6.894948859674137e-05,0.425,0.35,neutral,0.0012492357845813843,0.7220201817313406
2025-07-21 16:01:54.057346,RSIStrategy,SELL,47441.79141599211,24299.30258005642,0.31870634621320837,-10091.385475555604,-0.5707932445408159,6300.0,2.323302582245691,-23150.388335663276,0.00016650930523088534,0.525,0.288,neutral,0.0008156721026391544,0.8474336082615812
2025-07-21 16:26:54.057346,RSIStrategy,SELL,47418.20159458236,,0.33657961422610067,0,0,0,-15.046866770204849,-196497.35736298887,0.0013021409983426278,0.525,0.30400000000000005,neutral,0.0008705069836497735,0.742658345188078
2025-07-21 18:56:54.057346,RSIStrategy,SELL,47273.93136675857,,0.21576373500369161,0,0,0,2.742727582475652,-4903.44610530274,4.0305979241661786e-05,0.425,0.24,neutral,0.0011442335029792495,0.6751924400707112
2025-07-21 22:51:54.057346,RSIStrategy,BUY,47233.766096272186,66312.6084813055,0.2447401711825885,-5165.430808845114,-0.5649956826024995,14100.0,4.868807745383605,19072.255203669545,0.0001394591604309868,0.425,0.272,neutral,0.001208280117420227,0.7250013628897493
2025-07-21 23:51:54.057346,RSIStrategy,SELL,47437.20926853355,-11347.295162024519,0.2744680853019011,-19006.49811169192,-1.1711182144979786,3600.0,-0.9343411129429186,-58803.67148112694,0.0004040509731584228,0.525,0.248,neutral,0.0009144605405145254,0.9463521092327876
2025-07-22 01:06:54.057346,RSIStrategy,BUY,47436.996107371175,56330.41791162706,0.37449673161828895,-18575.37232493659,5.964215445822326,4500.0,6.328667219578997,8890.166654660377,6.862048322239963e-05,0.425,0.41800000000000004,neutral,0.0011812253371886847,0.7195383437328633
2025-07-22 01:36:54.057346,RSIStrategy,SELL,47500.16440039322,-11256.965605130641,0.31494627837279987,-25311.254225657576,-1.199838134039604,1800.0,-1.0636018269319527,-58776.28847373488,0.00040333477689723126,0.425,0.35200000000000004,neutral,0.0011028694807550569,0.7195383437328633
2025-07-22 02:51:54.057346,RSIStrategy,SELL,47896.40049155433,,0.5425773071315126,0,0,0,4.836922029466465,-18186.98496699426,0.00013155400819339822,0.525,0.49500000000000005,neutral,0.0008426511420400471,0.7673934840098917
2025-07-22 03:26:54.057346,RSIStrategy,BUY,47957.88488811291,94575.70676449257,0.5177980650717795,-35191.55886478308,-2.1826830358477913,2100.0,14.69133538963508,46602.48365783313,0.0003198268351974303,0.525,0.47300000000000003,neutral,0.0008449807003061349,0.6651144465140075
2025-07-22 04:01:54.057346,RSIStrategy,BUY,48041.50278719613,,0.32112858892731583,0,0,0,5.763332568424358,11778.011172586976,8.766509100678302e-05,0.425,0.36300000000000004,neutral,0.0008875633808620036,0.6651144465140075
2025-07-22 04:46:54.057346,RSIStrategy,SELL,47968.78110419337,-85337.83287480788,0.20466436240427563,-46615.52641461668,-2.4264881053373397,2700.0,-5.239683946285557,-133348.92049206374,0.0008819593095478504,0.425,0.231,neutral,0.0010568781364498738,0.8427755874180396
2025-07-22 05:56:54.057346,RSIStrategy,SELL,47560.307652950425,,0.37641682494224593,0,0,0,3.8875362174570816,-13139.156358481185,9.79515190326518e-05,0.525,0.341,neutral,0.00103936797569705,0.8713851486664974
2025-07-22 06:11:54.057346,RSIStrategy,SELL,47675.33974342562,,0.30398315099576195,0,0,0,-5.856263869820857,-111928.00520386995,0.00074853479198941,0.425,0.341,neutral,0.0010927327284242971,0.5169899030765239
2025-07-22 06:51:54.057346,RSIStrategy,SELL,47800.17877794672,,0.32274983890055436,0,0,0,1.9536435558241516,-27632.444719847223,0.0001952531414466668,0.425,0.36300000000000004,neutral,0.0009878248487689408,0.5169899030765239
2025-07-22 07:26:54.057346,RSIStrategy,SELL,47738.52144101409,,0.19585860051306572,0,0,0,2.5336578494401034,-4619.801176288334,3.785645313261107e-05,0.425,0.22000000000000003,neutral,0.0009427528448332909,0.8969915143539738
2025-07-22 10:16:54.057346,RSIStrategy,BUY,47816.98420086133,94081.71177538102,0.30219388030204786,-9981.186237399399,-1.1818311899854683,10200.0,8.529275264058377,46249.500409812434,0.0003184467812376141,0.425,0.34,neutral,0.0012334743094765481,0.6612817036417994
2025-07-22 10:36:54.057346,RSIStrategy,BUY,47819.38083294233,,0.3021787348205381,0,0,0,5.6304656456920075,14285.246919709361,0.00010525800530048837,0.425,0.34,neutral,0.0011493749354865516,0.6612817036417994
2025-07-22 11:26:54.057346,RSIStrategy,SELL,47631.91485094874,16963.346088038663,0.31229061536886155,-13642.256359766909,-0.7268807174165905,3000.0,1.5892481365645694,-30678.872316991477,0.0002163161845086097,0.425,0.35,neutral,0.001135491901656505,0.7280114035931823
2025-07-22 12:41:54.057346,RSIStrategy,SELL,47675.44862001694,,0.2763476879894186,0,0,0,3.19516645754796,-9138.370457963438,7.00118817607319e-05,0.425,0.31,neutral,0.0009447350390017399,0.5210324502818038
2025-07-22 12:56:54.057346,RSIStrategy,BUY,47699.621173372034,83576.74347682905,0.27620764433565037,-12445.684971013236,-1.1685480368272574,900.0,6.925360631093967,35865.17285621271,0.0002505145103958253,0.425,0.31,neutral,0.0008797007821454756,0.5210324502818038
2025-07-22 13:31:54.057346,RSIStrategy,SELL,47531.02628581478,39252.38431130409,0.3397780620785759,-12242.726831796943,-0.530343218957957,2100.0,4.001129721977521,-8281.693766943992,6.420632314879951e-05,0.425,0.38,neutral,0.0010835016269307223,0.5359381853159471
2025-07-22 14:21:54.057346,RSIStrategy,BUY,47473.10796472047,58995.4675518949,0.3312401625713235,-6708.266562943955,-0.5029779359136942,3000.0,5.862500478858273,11518.233480238492,8.691461572321975e-05,0.425,0.37,neutral,0.0011869166311015155,0.5603302960478137
2025-07-22 14:36:54.057346,RSIStrategy,BUY,47497.988475685066,,0.2773801675147671,0,0,0,4.559072867891184,7286.590782851502,5.721348602450867e-05,0.425,0.31,neutral,0.0012168418183095598,0.5603302960478137
2025-07-22 15:16:54.057346,RSIStrategy,SELL,47350.47760073699,41535.945611202646,0.2513174228218299,-3675.662008117636,-0.24186904539329027,2400.0,3.1316120416425437,-5816.750964984271,4.686278919159334e-05,0.425,0.28,neutral,0.0010677326961823059,0.6039926580574957
2025-07-22 16:11:54.057346,RSIStrategy,SELL,47367.30691710185,,0.2440501846607262,0,0,0,0.4400683269227547,-41370.3704969188,0.0002890123124169755,0.425,0.272,neutral,0.0008993694611913252,0.6022211771992748
2025-07-22 16:21:54.057346,RSIStrategy,SELL,47461.05092825171,,0.25073191105670173,0,0,0,2.280082411702813,-17154.662659300877,0.00012571914080619463,0.425,0.27999999999999997,neutral,0.000952779937509391,0.6022211771992748
2025-07-22 17:41:54.057346,RSIStrategy,SELL,47357.90172482976,,0.21538116404030075,0,0,0,1.829218251088875,-19054.699501153144,0.00013897346007367975,0.425,0.24,neutral,0.0010403512553409653,0.5326245370593539
2025-07-22 17:56:54.057346,RSIStrategy,SELL,47402.545518481136,,0.22235092830385453,0,0,0,2.825031592339042,-5053.557519331975,4.128843679891648e-05,0.425,0.248,neutral,0.0010542649020875156,0.5326245370593539
2025-07-22 18:01:54.057346,RSIStrategy,BUY,47437.97631276177,58265.09152486033,0.25802112466393706,-3538.525213798269,-0.37576838680962954,300.0,4.510087333167507,10823.218423929677,8.214490734578322e-05,0.425,0.288,neutral,0.0010202404665476032,0.5326245370593539
2025-07-22 21:21:54.057346,RSIStrategy,SELL,47554.58842308188,39663.74650008881,0.2502387339393735,-4799.539963553477,-0.31925368240149016,12000.0,2.9776217122423447,-7893.763669594236,6.143984624943487e-05,0.425,0.27999999999999997,neutral,0.00125867953940222,0.2849844128271034
2025-07-22 21:41:54.057346,RSIStrategy,SELL,47572.30306272738,,0.27158659909662325,0,0,0,1.664468422323102,-27152.53669502924,0.0001929699891327663,0.425,0.30400000000000005,neutral,0.0012235664761356137,0.2849844128271034
2025-07-22 22:01:54.057346,RSIStrategy,BUY,47495.898982831895,54400.76255203794,0.22191389626733543,-9226.290015360582,-1.6629255127261766,1200.0,3.6216855533510683,6902.27579309526,5.448420108267558e-05,0.425,0.248,neutral,0.0010542239415457135,0.2849844128271034
2025-07-22 22:06:54.057346,RSIStrategy,SELL,47465.350411791536,23887.706670926338,0.23638295941480464,-6771.271117600409,-0.5608939001897967,300.0,1.6939940389519017,-23585.682834628366,0.00016936762698315094,0.425,0.264,neutral,0.0007956415982744993,0.3235227471857378
2025-07-22 23:16:54.057346,RSIStrategy,BUY,47527.07050197754,59181.418429930556,0.21461453214490867,-8342.832034326508,-1.4774843079415447,4200.0,3.810357728403487,11650.17836596417,8.773025445925918e-05,0.425,0.24,neutral,0.0009515863762955051,0.5534146797886409
2025-07-23 00:31:54.057346,RSIStrategy,BUY,47742.43456319956,,0.32659624802667453,0,0,0,5.729933785569584,10735.016606692141,8.100939440421646e-05,0.525,0.29700000000000004,neutral,0.001014554825220986,0.1963855953306316
2025-07-23 01:11:54.057346,RSIStrategy,BUY,47708.77474546639,,0.26457397129444155,0,0,0,4.506544059515486,9065.279011145596,6.945239432305028e-05,0.425,0.29700000000000004,neutral,0.0008176235868050464,0.1896703685403698
2025-07-23 01:41:54.057346,RSIStrategy,BUY,47926.80043573134,,0.2633703874500545,0,0,0,4.566034285325887,9859.392665044434,7.46459262933891e-05,0.425,0.29700000000000004,neutral,0.0009919681375352562,0.1896703685403698
2025-07-23 03:56:54.057346,RSIStrategy,BUY,47380.09001301362,,0.560678546467589,0,0,0,10.816062474976714,16917.428583960897,0.000124310740871948,0.525,0.5060000000000001,neutral,0.0010440985587435087,0.3219724473820259
2025-07-23 04:01:54.057346,RSIStrategy,BUY,47327.12250231681,,0.51249682460227,0,0,0,12.711920993419458,35340.76731017866,0.00024897763721229047,0.525,0.462,neutral,0.0010478029023495972,0.3219724473820259
2025-07-23 05:01:54.057346,RSIStrategy,BUY,47472.2896098643,,0.1871091551091797,0,0,0,2.9953680604064563,5887.688832572684,4.7252276546906334e-05,0.425,0.20900000000000002,neutral,0.0010469969842086834,0.0567781948180615
2025-07-23 06:01:54.057346,RSIStrategy,BUY,47699.12546559914,,0.5084998889024251,0,0,0,9.222327266404145,12750.81249285119,9.499698962379e-05,0.525,0.462,neutral,0.0011851186798746652,0.2868607887553037
2025-07-23 07:11:54.057346,RSIStrategy,BUY,47537.58065161367,,0.27536108949111315,0,0,0,4.743637735526786,9882.07369282422,7.541685269196213e-05,0.425,0.30800000000000005,neutral,0.0009078241693232873,0.2746923527294963
2025-07-23 07:36:54.057346,RSIStrategy,BUY,47700.77968190133,,0.26461831618214077,0,0,0,4.522151643786845,9260.299320386583,7.082583636308373e-05,0.425,0.29700000000000004,neutral,0.0008902040637837772,0.2746923527294963
2025-07-23 07:41:54.057346,RSIStrategy,SELL,47643.92632922827,26118.71951448322,0.3238083253968858,-8162.347233866646,-0.5414909456927127,300.0,2.537237648248732,-21532.586688608,0.00015489642503329845,0.425,0.36300000000000004,neutral,0.000929378302367041,0.2746923527294963
2025-07-23 08:31:54.057346,RSIStrategy,BUY,47840.64322412034,70106.35301674079,0.3020444338991368,-14243.561942537974,-1.6841420375859455,3000.0,6.352570112902355,22258.09678442207,0.0001591326471660632,0.425,0.34,neutral,0.0010048526848432232,0.2377407538082467
2025-07-23 09:56:54.057346,RSIStrategy,BUY,47947.090950866834,,0.26591811405337185,0,0,0,4.364783906952695,6763.751478216996,5.299237875656418e-05,0.425,0.3,neutral,0.0009124722873116455,0.1848406086649375
2025-07-23 12:16:54.057346,RSIStrategy,BUY,48136.77352220378,,0.21189621268021014,0,0,0,3.47545519180993,6533.051258829099,5.115886028100457e-05,0.425,0.24,neutral,0.0009705086911063225,0.0
2025-07-23 12:31:54.057346,RSIStrategy,BUY,48199.54163706753,,0.22043778092339608,0,0,0,3.810714560647399,9420.460472877043,7.119688537220287e-05,0.425,0.25,neutral,0.0010487668072732997,0.0
2025-07-23 14:01:54.057346,RSIStrategy,SELL,47809.08004051811,37379.03563410632,0.4502282826140474,-4462.630200585717,-0.35132231471786474,5400.0,5.048729705793892,-10433.81235003868,7.881230142276415e-05,0.525,0.41,neutral,0.0008505278760083097,0.2553926563254061
2025-07-23 17:31:54.057346,RSIStrategy,BUY,47742.29149377136,103097.95992137432,0.23501176103924137,-29588.518417099276,-1.7581760249401157,12600.0,7.268769936202593,55337.58714826642,0.0003787266754655144,0.425,0.264,neutral,0.0011120396125306974,0.4516496967462165
2025-07-23 19:36:54.057346,RSIStrategy,SELL,47743.95496581379,41296.56947188556,0.24212489326192882,-14524.053604208108,-0.5994433885657913,7500.0,2.999678242639236,-6449.819943255714,5.0989687159966836e-05,0.425,0.272,neutral,0.0010538553539362018,0.3400611314528399
2025-07-23 22:56:54.057346,RSIStrategy,BUY,47373.15770292519,59367.03927259937,0.33689964473308703,-4375.31057169074,-0.4375779884819749,12000.0,6.000220331938188,11989.600271559353,9.037392317558362e-05,0.525,0.30400000000000005,neutral,0.0009120420324521183,0.4809703796830227
2025-07-24 00:51:54.057346,RSIStrategy,BUY,47637.96010389287,,0.3140352770642147,0,0,0,5.448214752234437,10188.530741036298,7.739081837222291e-05,0.425,0.35200000000000004,neutral,0.001038957424095847,0.532608876945165
2025-07-24 03:41:54.057346,RSIStrategy,SELL,47267.15777205371,21037.117666166116,0.3659517689516545,-11554.318765854494,-0.6362259542604745,10200.0,2.3095711270732777,-26238.928409747336,0.00018804396707343749,0.425,0.40700000000000003,neutral,0.0009619862117272477,0.76840165321315
2025-07-24 04:26:54.057346,RSIStrategy,SELL,47139.2706421949,,0.2876052135576431,0,0,0,-4.2790428889916665,-96764.20173331,0.0006573931480431609,0.425,0.319,neutral,0.0007697748790192806,0.6160271513260269
2025-07-24 04:46:54.057346,RSIStrategy,BUY,46956.533763511376,163708.2719111436,0.5165415343934072,-61346.828800796044,4.300973165654722,1200.0,25.368636589762573,116714.57063732835,0.0007915301093360218,0.525,0.462,neutral,0.0010560243361926258,0.6160271513260269
2025-07-24 05:06:54.057346,RSIStrategy,SELL,46920.0965272524,18161.850160838607,0.48001819405717455,-75180.77201637252,-0.8890596672433488,1200.0,2.615405554482826,-28767.941689489086,0.00020663476405389944,0.525,0.42900000000000005,neutral,0.0010688692460834811,0.6521318362024409
2025-07-24 07:26:54.057346,RSIStrategy,SELL,46961.63756181362,,0.30860295237626956,0,0,0,-4.499819008906539,-95596.45492433084,0.0006521669828078424,0.425,0.341,neutral,0.0012564680190814363,0.4824723661881079
2025-07-24 09:26:54.057346,RSIStrategy,SELL,47018.63968640016,,0.30732492680300943,0,0,0,2.9947766947890684,-14541.559301717789,0.00010883256970680992,0.425,0.34,neutral,0.0009850558006728786,0.7100681587075692
2025-07-24 10:16:54.057346,RSIStrategy,SELL,46705.96081239971,,0.505824087312811,0,0,0,4.642526162765564,-16117.778844088269,0.00012054952546993377,0.525,0.45,neutral,0.0011311116799336423,0.6267482120459962
2025-07-24 10:21:54.057346,RSIStrategy,BUY,46673.20640918818,141236.12542053286,0.4724337943848485,-55965.54702722019,-3.616493159009882,300.0,20.01741559099101,94532.62219758054,0.0006491264709462771,0.525,0.42,neutral,0.0011086840715433949,0.6267482120459962
2025-07-24 11:36:54.057346,RSIStrategy,SELL,46805.44549072966,-442410.0211738602,0.43744909989277425,-275734.16361368465,-4.1324140325754275,4500.0,-58.059559663814504,-489366.693587805,0.0032309685684999835,0.525,0.39,neutral,0.0011138297055562527,0.7724280250690883
2025-07-24 11:46:54.057346,RSIStrategy,SELL,46902.56029031874,,0.5148972646805564,0,0,0,-23.99466520469891,-202302.35199288843,0.0013544650345752888,0.525,0.46,neutral,0.0011549324123230002,0.7724280250690883
2025-07-24 12:36:54.057346,RSIStrategy,SELL,46901.10332429461,,0.26278699489817103,0,0,0,3.0722229217028842,-7934.290391999584,6.258832502617274e-05,0.425,0.29,neutral,0.0008467029777358777,0.8613692194363222
2025-07-24 16:36:54.057346,RSIStrategy,SELL,47250.71311158765,,0.3555501894823258,0,0,0,4.150150540578428,-8345.537799199361,6.504054158718326e-05,0.525,0.32000000000000006,neutral,0.0009297340469614667,0.7874115698727813
2025-07-24 18:16:54.057346,RSIStrategy,SELL,47508.63627559087,,0.38014141040034277,0,0,0,3.880920603660015,-13482.908114466112,0.00010042741591483146,0.525,0.34400000000000003,neutral,0.0011916244564491919,0.6233888054822433
2025-07-25 04:16:54.057346,RSIStrategy,SELL,47710.063903596325,,0.33315822070826984,0,0,0,3.942475932186926,-8267.629428575778,6.386602848179544e-05,0.425,0.37400000000000005,neutral,0.0010467629274456601,0.532254822623816
2025-07-25 04:56:54.057346,RSIStrategy,BUY,47437.975926913816,61446.05979973658,0.5234730090140997,-7329.6735117911,-0.5577464748954295,2400.0,9.649606144628525,14003.142574403078,0.00010416334852267255,0.525,0.47300000000000003,neutral,0.0010288929129583183,0.532254822623816
2025-07-25 05:46:54.057346,RSIStrategy,SELL,47557.541182977264,16416.941912726925,0.3342266989549379,-23571.52783356356,-0.7328235208859185,3000.0,1.6460940907277055,-31151.05298656504,0.0002198119594635946,0.425,0.37400000000000005,neutral,0.0009413196234760224,0.5630009125648885
2025-07-25 06:01:54.057346,RSIStrategy,SELL,47557.16115384026,,0.3047385430160338,0,0,0,-0.4012240988854286,-51962.90897304293,0.0003579443414499416,0.425,0.341,neutral,0.0008101193054096611,0.5630009125648885
2025-07-25 06:26:54.057346,RSIStrategy,BUY,47511.93006346043,57991.6491088594,0.34438718818926195,-19009.704319482316,14.213780557267047,1500.0,5.991474292517522,10475.93710885618,7.959972448461823e-05,0.425,0.385,neutral,0.0007016708212686186,0.4742838012438908
2025-07-25 07:11:54.057346,RSIStrategy,SELL,47623.3592654758,34234.53217209555,0.3435813905690158,-8181.646701335594,-0.4096644482754409,2700.0,3.5287044507504897,-13393.569002362676,9.957107301026945e-05,0.425,0.385,neutral,0.0007158528232505692,0.3319083572576337
2025-07-25 10:46:54.057346,RSIStrategy,SELL,48108.76192648668,,0.30036108644991827,0,0,0,1.7078326419960108,-29165.477824300182,0.00020415774794699498,0.425,0.34,neutral,0.0010475224999901452,0.3528191225419707
2025-07-25 11:31:54.057346,RSIStrategy,SELL,47936.28727718613,,0.2748439803820655,0,0,0,3.1846211286941326,-9316.30335274767,7.08658997892899e-05,0.425,0.31,neutral,0.0009195871237164598,0.5216606199887803
2025-07-25 12:21:54.057346,RSIStrategy,SELL,48065.383488285785,,0.318316403399316,0,0,0,2.6413048670257213,-20413.28946256046,0.00014604183162134562,0.425,0.36,neutral,0.0008333097398024632,0.3063448123220084
2025-07-25 12:46:54.057346,RSIStrategy,BUY,48259.02758132351,62108.95498507624,0.40251536289797873,-10965.949612987082,-1.2455150198548013,1500.0,7.499942566509657,13845.037917101368,0.00010131755438127467,0.525,0.37,neutral,0.0010290381447296067,0.3063448123220084
2025-07-25 13:41:54.057346,RSIStrategy,BUY,48509.31861148852,,0.2597439081944954,0,0,0,4.910064798200129,14497.192105423765,0.00010518455221758882,0.525,0.24,neutral,0.0009040575828596231,0.0981082506960578
2025-07-25 15:11:54.057346,RSIStrategy,BUY,48311.5669966265,,0.24631782282762543,0,0,0,10.759115549527456,97256.65604270594,0.000644598864731217,0.425,0.28,neutral,0.0012974692359346996,0.2567974857381583
2025-07-25 16:31:54.057346,RSIStrategy,SELL,48368.67175023942,39027.012040153306,0.24602701644254052,-26250.66986122676,-0.7319561651806881,4800.0,2.8805097998718074,-9345.06625515161,7.042874948254263e-05,0.425,0.27999999999999997,neutral,0.001367598329684968,0.3089515028559528
2025-07-25 17:31:54.057346,RSIStrategy,BUY,48167.462181432464,68311.48298978359,0.22587862235752187,-7204.7710158357895,-0.7503641559722963,3600.0,4.629031100679482,20137.090266341584,0.00014388430894356468,0.425,0.256,neutral,0.0011158028844597948,0.2564335548944418
2025-07-25 18:06:54.057346,RSIStrategy,SELL,48091.4542835883,36561.63060255932,0.3842678553870743,-7171.612917280894,-0.46478060492366496,2100.0,4.214837814329969,-11533.95486200938,8.590260040880627e-05,0.525,0.35200000000000004,neutral,0.0007244842348880792,0.2433168391072472
2025-07-25 18:31:54.057346,RSIStrategy,SELL,48036.904457189936,,0.35847438952579286,0,0,0,4.174451702007787,-9223.441777305856,7.0073585309742e-05,0.525,0.328,neutral,0.0006991881528925114,0.2433168391072472
2025-07-25 22:51:54.057346,RSIStrategy,BUY,47584.64147949879,65281.575407619195,0.3971869790832157,-9486.933884835682,-0.6817853861099471,15600.0,7.778697517783626,17690.7934932796,0.00012904236850158374,0.525,0.36000000000000004,neutral,0.001082304004815748,0.4156203278742474
2025-07-25 23:46:54.057346,RSIStrategy,BUY,47630.51096201502,,0.1855953216006823,0,0,0,3.0160173133529207,6535.36856632408,5.1721002695294944e-05,0.425,0.20800000000000002,neutral,0.0009372298386271865,0.1706526113973584
