timestamp,open,high,low,close,volume,sentiment_score
2025-01-01 00:00:00,33745.4,36791.85569540778,33741.520054527115,36727.03,61.48,-0.213
2025-01-01 00:05:00,39507.14,39524.37863621052,37948.13274717688,37966.81,82.49,-0.053
2025-01-01 00:10:00,37319.94,37407.179456335485,32421.555419491007,32504.68,78.41,0.709
2025-01-01 00:15:00,35986.58,36310.051623906926,35909.903164366166,36248.74,23.85,-0.32
2025-01-01 00:20:00,31560.19,35733.18038835569,31525.125730854284,35717.46,23.43,0.739
2025-01-01 00:25:00,31559.95,38424.53380574812,31522.26893722258,38328.3,34.14,-0.824
2025-01-01 00:30:00,30580.84,39112.70654633353,30527.484556644642,39060.87,42.5,0.554
2025-01-01 00:35:00,38661.76,38669.04984518717,30121.545899531488,30121.57,46.76,0.695
2025-01-01 00:40:00,36011.15,36802.8832904415,35987.0255663962,36740.2,71.17,-0.636
2025-01-01 00:45:00,37080.73,37106.04989070128,30497.53681913918,30518.36,15.1,-0.139
2025-01-01 00:50:00,30205.84,35568.95934518773,30180.791705325024,35488.59,13.12,-0.669
2025-01-01 00:55:00,39699.1,39780.88220735662,32795.739415746655,32876.33,45.27,0.413
2025-01-01 01:00:00,38324.43,38422.32473558547,33039.80261434535,33067.77,72.74,0.071
2025-01-01 01:05:00,32123.39,33579.776953102446,32104.237867794986,33529.59,27.41,0.271
2025-01-01 01:10:00,31818.25,36258.415687972774,31767.823653920696,36212.92,67.74,-0.607
2025-01-01 01:15:00,31834.05,33415.84756054465,31747.485496362726,33340.5,33.38,-0.577
2025-01-01 01:20:00,33042.42,37340.23706563419,33018.28502961625,37326.99,89.75,-0.917
2025-01-01 01:25:00,35247.56,35302.25155137931,34037.41637572071,34045.27,90.61,-0.356
2025-01-01 01:30:00,34319.45,34374.074760013085,30647.88952641503,30683.53,36.76,0.119
2025-01-01 01:35:00,32912.29,37846.547312281036,32837.524817543504,37837.6,30.7,0.716
2025-01-01 01:40:00,36118.53,36160.32840855069,32802.51094553052,32857.58,47.02,0.334
2025-01-01 01:45:00,31394.94,34412.99847985672,31313.260663042565,34327.67,31.65,-0.129
2025-01-01 01:50:00,32921.45,36940.05536219947,32825.490785239075,36854.44,70.51,0.906
2025-01-01 01:55:00,33663.62,33673.543766491974,33245.29375232483,33324.56,84.35,0.438
2025-01-01 02:00:00,34560.7,34569.77208827478,30505.479692115627,30565.86,70.58,0.86
2025-01-01 02:05:00,37851.76,37878.02954770019,33689.875841194764,33739.21,84.19,0.055
2025-01-01 02:10:00,31996.74,39531.966606255395,31992.733091365175,39444.49,45.73,-0.482
2025-01-01 02:15:00,35142.34,36430.23025850735,35043.90780211859,36417.34,24.07,-0.894
2025-01-01 02:20:00,35924.15,36786.789680262744,35885.8018877425,36714.79,76.42,0.452
2025-01-01 02:25:00,30464.5,36332.93656196131,30449.277178608314,36322.82,42.44,-0.757
2025-01-01 02:30:00,36075.45,36137.76378537478,31923.249114460352,31989.92,70.41,-0.394
2025-01-01 02:35:00,31705.24,34218.94672991191,31676.811171090456,34183.34,34.36,0.065
2025-01-01 02:40:00,30650.52,37588.29139629659,30591.942172906896,37509.4,17.31,0.129
2025-01-01 02:45:00,39488.86,39512.22904488254,30955.05320921554,31013.73,99.33,0.201
2025-01-01 02:50:00,39656.32,39720.24018293899,32733.957017909714,32778.53,24.06,-0.667
2025-01-01 02:55:00,38083.97,38107.53825345759,32679.578138445493,32763.19,98.96,-0.241
2025-01-01 03:00:00,33046.14,34391.55602831122,33019.643293844456,34320.19,97.96,0.234
2025-01-01 03:05:00,30976.72,39891.057803456075,30931.856740838226,39803.69,81.44,0.94
2025-01-01 03:10:00,36842.33,36855.01017991268,30621.2607871409,30675.03,69.35,0.455
2025-01-01 03:15:00,34401.52,35273.66956885955,34335.157527923264,35187.01,62.0,0.845
2025-01-01 03:20:00,31220.38,31853.00752544143,31141.982814949442,31793.65,87.95,0.524
2025-01-01 03:25:00,34951.77,39719.4810490867,34912.28927171217,39706.77,36.05,0.183
2025-01-01 03:30:00,30343.89,31175.79418553597,30279.28530559034,31133.04,52.09,-0.616
2025-01-01 03:35:00,39093.2,39109.28602934851,34020.94890469315,34036.01,65.75,0.333
2025-01-01 03:40:00,32587.8,37448.88478888666,32494.535189945753,37378.85,47.01,0.247
2025-01-01 03:45:00,36625.22,37121.426813441794,36586.9141193579,37045.54,48.47,0.205
2025-01-01 03:50:00,33117.11,34237.86965202728,33044.157857802355,34227.29,39.73,-0.02
2025-01-01 03:55:00,35200.68,35251.29398526946,33463.205891811784,33465.24,60.78,0.057
2025-01-01 04:00:00,35467.1,35548.56250560259,33955.60128570952,33976.12,86.55,-0.331
2025-01-01 04:05:00,31848.54,32736.3763041551,31799.831745567644,32642.76,28.14,0.039
2025-01-01 04:10:00,39695.85,39747.20178667417,31965.504753226767,32053.33,94.1,-0.605
2025-01-01 04:15:00,37751.33,37846.357922361145,34777.674485004936,34830.4,72.02,0.61
2025-01-01 04:20:00,39394.99,39448.5588970456,32592.352951770612,32685.34,84.09,-0.628
2025-01-01 04:25:00,38948.27,38987.68904945999,32826.240310341724,32874.62,60.06,-0.83
2025-01-01 04:30:00,35979.0,36652.38031285529,35929.9550903264,36567.56,80.16,-0.128
2025-01-01 04:35:00,39218.74,39734.66827104581,39206.76532114994,39685.37,11.46,0.317
2025-01-01 04:40:00,30884.93,36083.56025105646,30804.66437558478,36036.37,83.65,-0.125
2025-01-01 04:45:00,31959.83,32008.861248940986,30745.093458753294,30769.79,13.61,-0.446
2025-01-01 04:50:00,30452.27,30840.518500186976,30362.30875106277,30755.84,90.09,0.116
2025-01-01 04:55:00,33253.3,39597.42415416881,33162.21757796696,39514.23,99.28,-0.306
2025-01-01 05:00:00,33886.77,33927.12199924402,32878.57898881259,32972.91,36.47,0.866
2025-01-01 05:05:00,32713.49,32746.819985987055,30868.64695108969,30920.67,28.93,0.845
2025-01-01 05:10:00,38287.38,38336.57280240391,35922.74062152163,35990.45,78.88,0.005
2025-01-01 05:15:00,33567.53,36293.76725097371,33489.67841199383,36236.49,32.77,-0.344
2025-01-01 05:20:00,32809.35,36508.883721062804,32796.248538134954,36485.05,87.9,0.474
2025-01-01 05:25:00,35426.96,35506.355508471555,32613.92428050025,32674.02,19.26,-0.927
2025-01-01 05:30:00,31409.24,31457.888276573245,30147.680209869668,30151.11,21.34,-0.05
2025-01-01 05:35:00,38021.97,39683.554554842,37972.21339166113,39650.15,98.12,-0.327
2025-01-01 05:40:00,30745.51,32519.6120992964,30730.025731837977,32508.93,70.65,0.841
2025-01-01 05:45:00,39868.87,39892.75451604036,36741.96770740379,36760.26,86.22,-0.976
2025-01-01 05:50:00,37722.45,37817.3781171756,37029.795243330744,37066.3,39.19,0.106
2025-01-01 05:55:00,31987.16,36130.57996868195,31943.916283328348,36100.07,70.88,0.481
2025-01-01 06:00:00,30055.22,33145.9559289367,29992.90275754678,33129.07,63.48,-0.03
2025-01-01 06:05:00,38154.61,38200.6772791655,32703.517158156148,32710.96,64.28,-0.829
2025-01-01 06:10:00,37068.57,37099.278774336024,35926.31082387626,35976.68,71.43,0.945
2025-01-01 06:15:00,37290.07,38664.475925027116,37271.80748697469,38660.96,61.78,0.036
2025-01-01 06:20:00,37712.7,39499.65452172794,37655.30248249682,39467.34,48.62,0.228
2025-01-01 06:25:00,30740.45,31113.470862393948,30676.70953877388,31059.06,34.83,-0.527
2025-01-01 06:30:00,33584.66,33639.831237202,31492.619074344715,31548.29,79.17,-0.033
2025-01-01 06:35:00,31158.69,39483.01589211769,31084.860448952168,39447.36,30.36,-0.142
2025-01-01 06:40:00,38631.03,38675.76027562526,37331.78907557591,37365.35,72.31,-0.85
2025-01-01 06:45:00,36232.98,38926.49179182348,36156.46934083669,38829.94,31.0,-0.788
2025-01-01 06:50:00,33308.98,33346.71484772304,31983.053291829183,32026.33,66.28,0.675
2025-01-01 06:55:00,30635.58,35901.682681326,30587.16155016774,35875.86,77.24,-0.52
2025-01-01 07:00:00,33109.82,37035.74670440668,33045.00978727389,37011.4,29.68,-0.61
2025-01-01 07:05:00,33251.83,36846.896461270415,33249.99416160008,36801.12,15.39,0.01
2025-01-01 07:10:00,37296.06,37372.01201487169,34016.120577857975,34081.52,21.79,0.537
2025-01-01 07:15:00,36375.57,36396.168818418846,30092.091485092787,30153.95,64.54,-0.876
2025-01-01 07:20:00,38872.13,38943.059612714074,35798.27528832467,35829.26,86.45,0.154
2025-01-01 07:25:00,34722.15,34724.26498233494,32522.44057151005,32531.02,14.05,-0.762
2025-01-01 07:30:00,31195.94,34544.433297798394,31186.846455008694,34502.54,76.07,-0.927
2025-01-01 07:35:00,37132.45,39653.39650652028,37040.12762530147,39575.81,40.72,-0.895
2025-01-01 07:40:00,37607.85,37641.723295577445,33921.422067877415,33990.35,53.07,0.668
2025-01-01 07:45:00,35612.77,38454.39371014453,35600.05973862292,38398.02,93.6,-0.764
2025-01-01 07:50:00,37709.67,37730.16792328259,31849.73768306911,31885.41,39.88,-0.91
2025-01-01 07:55:00,34937.96,36798.79953911262,34878.71170060984,36724.6,51.88,-0.124
2025-01-01 08:00:00,35227.33,39775.29791032687,35143.77282949094,39770.07,11.23,0.688
2025-01-01 08:05:00,34275.41,34360.664264487554,31014.5639071287,31018.93,17.34,-0.475
2025-01-01 08:10:00,30254.19,30274.009638642165,30059.536686853,30083.2,33.27,-0.157
2025-01-01 08:15:00,31078.91,34423.269803170835,30989.935100970462,34335.83,12.51,-0.92
2025-01-01 08:20:00,30314.29,30961.50292413005,30313.37344498162,30926.25,66.82,-0.102
2025-01-01 08:25:00,36364.1,37556.10835744745,36343.96008972061,37483.84,48.38,0.155
2025-01-01 08:30:00,33143.56,39177.412529778616,33047.6575824027,39145.49,59.33,0.142
2025-01-01 08:35:00,35085.71,35176.30116712346,34278.86981534778,34340.21,25.72,-0.335
2025-01-01 08:40:00,39075.66,39088.32371255184,32560.95286333625,32587.12,36.63,-0.369
2025-01-01 08:45:00,32492.92,34361.88197892726,32486.220890560413,34344.03,69.74,-0.787
2025-01-01 08:50:00,34103.83,37283.78301251588,34101.01086595528,37234.48,96.88,-0.266
2025-01-01 08:55:00,37555.51,37563.703843903815,30066.06549203631,30090.54,14.54,-0.801
2025-01-01 09:00:00,32287.98,35914.13801847018,32199.831418041107,35894.54,90.13,0.533
2025-01-01 09:05:00,30769.8,36227.296638221196,30728.20863457025,36132.92,61.92,0.933
2025-01-01 09:10:00,32897.51,36474.52896611478,32825.476663083406,36376.88,60.75,0.94
2025-01-01 09:15:00,31612.21,32457.845932933044,31520.381496462003,32420.22,55.03,0.73
2025-01-01 09:20:00,39296.98,39389.308602101395,37099.72595383972,37140.53,16.25,0.202
2025-01-01 09:25:00,38081.2,38135.68246756734,30894.78226289626,30913.91,18.09,0.402
2025-01-01 09:30:00,36334.04,36361.01424658738,31940.98820691431,31992.7,64.08,-0.43
2025-01-01 09:35:00,38714.61,38844.93987210806,38623.801631294016,38774.7,40.69,0.262
2025-01-01 09:40:00,38036.72,38102.61018065749,37306.79255858623,37387.23,92.55,-0.089
2025-01-01 09:45:00,31865.7,31964.612531910872,30130.877015663682,30137.46,46.59,-0.036
2025-01-01 09:50:00,38925.59,38952.09472874092,32414.50271999224,32483.76,22.9,0.516
2025-01-01 09:55:00,35393.42,35460.62595026617,32086.870247754105,32144.06,74.32,-0.436
2025-01-01 10:00:00,38074.4,38079.602375502946,32617.31368236536,32708.06,36.4,-0.364
2025-01-01 10:05:00,38960.91,38972.27460386968,32463.351858314967,32475.6,57.29,0.849
2025-01-01 10:10:00,33180.03,33180.42183749511,30571.85638867953,30625.26,72.8,-0.888
2025-01-01 10:15:00,31100.52,34689.35606810597,31012.57373064881,34589.41,91.02,-0.029
2025-01-01 10:20:00,32279.35,37407.55736971475,32238.347621325825,37327.33,81.3,0.826
2025-01-01 10:25:00,34271.08,36145.99230147335,34222.88050822671,36067.32,70.87,0.221
2025-01-01 10:30:00,38180.15,38231.12260752882,36721.67393223331,36728.72,71.17,0.093
2025-01-01 10:35:00,38607.31,38637.31670829054,30783.67563595511,30811.49,95.13,-0.501
2025-01-01 10:40:00,30069.52,39530.03642844627,30037.069335083106,39514.91,36.62,-0.313
2025-01-01 10:45:00,35107.47,38413.38747388464,35012.95775512551,38384.92,10.1,0.704
2025-01-01 10:50:00,34174.11,38088.497122192915,34145.843263945884,38050.9,34.48,0.118
2025-01-01 10:55:00,32221.08,38305.47100969803,32174.993126473037,38229.84,29.61,0.029
2025-01-01 11:00:00,31198.65,39381.07617889032,31131.519557643573,39327.11,69.57,-0.801
2025-01-01 11:05:00,33376.15,35450.28836265555,33359.93166275921,35442.54,67.03,-0.968
2025-01-01 11:10:00,39429.1,39430.90290089589,31954.175761285813,32002.82,63.41,0.927
2025-01-01 11:15:00,33232.03,36178.0732179534,33158.17609605241,36167.84,11.46,-0.246
2025-01-01 11:20:00,35187.91,37469.859871369736,35101.224478697295,37428.81,75.59,0.206
2025-01-01 11:25:00,37030.19,37472.4892917049,36967.56407253376,37379.17,39.12,-0.841
2025-01-01 11:30:00,33636.3,35278.23024812092,33569.39464846831,35214.49,69.86,0.366
2025-01-01 11:35:00,39717.82,39798.002589987555,30671.961652741542,30684.59,60.09,0.865
2025-01-01 11:40:00,39624.47,39671.10745945045,33616.552350275364,33711.13,40.85,0.151
2025-01-01 11:45:00,32517.82,39243.8366083195,32504.56259225155,39207.67,22.11,-0.748
2025-01-01 11:50:00,34972.49,35855.33003727166,34895.022706281816,35844.49,18.5,0.163
2025-01-01 11:55:00,33008.78,35470.91330221862,32982.298367822164,35383.32,84.84,0.533
2025-01-01 12:00:00,32848.4,32926.716002902795,32595.180685629875,32688.54,92.66,-0.187
2025-01-01 12:05:00,30368.87,33701.30180975977,30296.87404606305,33684.49,68.48,0.76
2025-01-01 12:10:00,36095.64,39004.686056387625,36020.25862870216,38953.46,19.31,0.297
2025-01-01 12:15:00,35026.79,36713.36748079212,35004.884082694014,36664.63,46.18,0.798
2025-01-01 12:20:00,30514.79,37936.37915526865,30470.486002336485,37873.87,75.6,0.247
2025-01-01 12:25:00,32786.46,34638.06868939912,32724.67868054107,34543.45,80.18,-0.737
2025-01-01 12:30:00,39082.66,39140.63714417625,36225.472638179344,36302.47,20.64,-0.381
2025-01-01 12:35:00,32395.62,32537.861726677864,32385.22406240876,32483.84,10.0,-0.596
2025-01-01 12:40:00,31448.95,37059.642293293466,31352.71346835455,37054.61,74.09,0.818
2025-01-01 12:45:00,34894.53,34900.8207476018,34186.98793294455,34276.01,42.09,0.521
2025-01-01 12:50:00,39856.5,39875.23467913268,34398.42514095044,34425.46,32.9,0.353
2025-01-01 12:55:00,32420.55,36496.467077169174,32338.273975696768,36493.22,11.16,-0.398
2025-01-01 13:00:00,36721.36,39437.145289557,36669.52760769602,39362.81,58.63,-0.632
2025-01-01 13:05:00,37616.2,37688.53303039939,30593.8793518438,30640.06,86.6,0.513
2025-01-01 13:10:00,32376.38,38261.03562344317,32344.93658941886,38247.43,96.19,-0.052
2025-01-01 13:15:00,37282.16,37365.76789007953,32865.733141336845,32923.83,60.92,-0.548
2025-01-01 13:20:00,33677.83,34454.66860348461,33604.841088229645,34439.19,56.3,0.233
2025-01-01 13:25:00,36323.06,36353.17755869973,30178.036709503725,30219.13,17.66,-0.919
2025-01-01 13:30:00,36335.3,36360.19768991614,32947.53808069917,33010.46,59.4,-0.348
2025-01-01 13:35:00,35357.75,35394.98070985731,34956.37870788447,35026.31,44.2,-0.063
2025-01-01 13:40:00,30902.9,30928.366376588998,30490.64781829847,30561.76,64.64,-0.704
2025-01-01 13:45:00,38353.02,38401.915092643845,34905.76339018688,34910.96,44.99,0.969
2025-01-01 13:50:00,33207.8,39311.85078813547,33121.8252194315,39271.11,31.63,-0.582
2025-01-01 13:55:00,31865.19,31963.84694907793,31008.104668523494,31053.93,18.55,-0.739
2025-01-01 14:00:00,30407.75,37650.002635012825,30381.50839183038,37644.41,38.34,-0.593
2025-01-01 14:05:00,35908.93,35923.14813763874,34072.53354925203,34096.71,18.7,0.538
2025-01-01 14:10:00,36775.64,36780.92258939086,36503.4385887156,36551.74,25.92,-0.149
2025-01-01 14:15:00,30165.88,32664.954119498238,30077.196846053106,32602.37,98.86,0.131
2025-01-01 14:20:00,35120.93,35126.380927741375,31557.085241831734,31594.92,49.97,-0.958
2025-01-01 14:25:00,32264.96,32348.603973737612,31529.657425321646,31604.63,57.87,-0.931
2025-01-01 14:30:00,36451.73,36502.923863068194,30695.238126901277,30704.92,88.63,-0.108
2025-01-01 14:35:00,31743.66,31909.170762458154,31696.054329784893,31856.47,99.6,0.633
2025-01-01 14:40:00,36909.38,36965.53945077122,36543.02138596073,36642.19,62.44,0.77
2025-01-01 14:45:00,33867.35,38833.991370630625,33790.30621972076,38816.91,83.12,-0.827
2025-01-01 14:50:00,39367.3,39387.06903031145,38120.20715115594,38141.26,39.42,0.077
2025-01-01 14:55:00,31375.21,36883.2217322873,31325.065852630207,36851.34,37.52,0.826
2025-01-01 15:00:00,33410.66,33470.00964158219,31080.957523635145,31104.32,46.24,-0.224
2025-01-01 15:05:00,31134.74,32912.881777594026,31093.78390727375,32891.87,70.53,0.659
2025-01-01 15:10:00,39246.94,39258.57317271333,33020.0615976265,33098.07,71.4,-0.733
2025-01-01 15:15:00,38773.39,38870.40168864184,32422.44751847096,32499.57,38.37,0.871
2025-01-01 15:20:00,32579.42,35152.25818148096,32556.60996220976,35150.06,21.99,0.503
2025-01-01 15:25:00,36599.84,36680.1097405336,35263.317668184514,35355.54,66.92,0.883
2025-01-01 15:30:00,38172.22,38251.0235149575,33509.60318172352,33568.86,21.55,0.353
2025-01-01 15:35:00,35552.01,35581.73141138451,33499.8975709038,33537.89,62.06,-0.273
2025-01-01 15:40:00,35296.51,38299.122661600726,35246.31644192192,38285.56,72.41,0.876
2025-01-01 15:45:00,32418.52,37907.492864670545,32358.012874656226,37892.93,73.06,-0.449
2025-01-01 15:50:00,30931.03,33147.703161723715,30875.04094681542,33077.96,77.81,-0.336
2025-01-01 15:55:00,38972.16,39202.16065910862,38923.51949644639,39137.88,88.56,0.402
2025-01-01 16:00:00,39004.18,39606.42456742514,38953.68671959106,39528.15,55.0,0.531
2025-01-01 16:05:00,36331.01,36424.758117239915,33249.788808957215,33267.43,75.72,0.859
2025-01-01 16:10:00,33390.3,33613.44273632666,33309.02670956954,33544.25,65.73,-0.59
2025-01-01 16:15:00,33492.1,35071.92515365514,33437.923968005896,35056.34,26.8,0.596
2025-01-01 16:20:00,37259.56,39435.55426167654,37246.45201382953,39411.21,12.31,0.477
2025-01-01 16:25:00,38971.1,39055.31937308731,38686.57428984172,38763.19,35.61,-0.872
2025-01-01 16:30:00,38870.86,38891.79060758342,30932.435602162266,31025.68,49.87,-0.226
2025-01-01 16:35:00,37798.76,37806.01223169545,33832.579310076304,33927.31,65.54,-0.434
2025-01-01 16:40:00,36420.32,36490.648005404226,35496.80822675888,35533.71,86.5,-0.391
2025-01-01 16:45:00,30841.4,35071.57263554901,30827.848312643928,35031.32,27.66,0.966
2025-01-01 16:50:00,31616.29,32030.634005254593,31564.450037336694,31938.63,21.3,0.286
2025-01-01 16:55:00,38985.54,39050.565507109364,38576.90907706507,38588.17,96.71,0.435
2025-01-01 17:00:00,36064.29,36778.45189777917,35970.89125814874,36769.41,19.72,0.953
2025-01-01 17:05:00,30091.97,38473.86565672537,30073.612037264487,38379.08,53.06,-0.246
2025-01-01 17:10:00,31014.72,38613.495726364024,30989.443414004883,38587.64,62.7,0.604
2025-01-01 17:15:00,36635.02,37517.28124904063,36594.3563473115,37483.56,58.72,-0.131
2025-01-01 17:20:00,30050.62,34432.336041368355,30012.303553144087,34392.11,17.74,0.739
2025-01-01 17:25:00,31608.08,36110.592429640434,31528.61371076021,36105.47,15.13,-0.639
2025-01-01 17:30:00,35487.34,35536.991542223055,31558.018317944905,31603.65,19.49,0.895
2025-01-01 17:35:00,36918.95,36931.28184910752,36719.373173999666,36736.45,62.7,-0.562
2025-01-01 17:40:00,36519.61,36559.70703266883,31765.80901045139,31792.53,58.99,-0.348
2025-01-01 17:45:00,32242.69,36974.57097879921,32191.778661481247,36939.5,31.04,0.512
2025-01-01 17:50:00,37121.79,37199.07400834265,32281.234608257386,32295.98,67.4,-0.212
2025-01-01 17:55:00,32372.49,32452.807051163276,31114.3444324354,31175.51,83.81,0.216
2025-01-01 18:00:00,33254.0,33269.34128823891,31596.265269344887,31652.84,13.74,-0.111
2025-01-01 18:05:00,37464.91,37501.565118737926,29948.449768361774,30019.92,54.83,0.485
2025-01-01 18:10:00,36496.33,37224.735316103186,36402.55953846207,37187.4,72.04,-0.543
2025-01-01 18:15:00,38492.23,38507.371044393614,37232.78454388989,37324.01,32.71,-0.883
2025-01-01 18:20:00,36576.13,36655.97535050512,35054.722438193116,35149.33,37.7,-0.4
2025-01-01 18:25:00,35683.09,35753.81283283354,31589.15844029763,31613.63,65.23,-0.051
2025-01-01 18:30:00,30936.75,30955.788178629704,30822.383469336066,30835.54,90.81,-0.664
2025-01-01 18:35:00,33677.16,33713.832190859386,30161.062329950357,30191.29,82.89,-0.29
2025-01-01 18:40:00,32652.02,32662.600502485653,31567.97148272337,31657.48,62.48,-0.2
2025-01-01 18:45:00,32439.9,38971.3806597093,32342.69465253765,38908.56,75.72,-0.885
2025-01-01 18:50:00,39730.11,39742.24719245486,32329.43750489295,32415.37,42.83,0.167
2025-01-01 18:55:00,33930.98,34029.5734168625,33531.70822788725,33542.71,67.69,0.769
2025-01-01 19:00:00,38920.47,38998.53820746879,30958.70720019402,31053.45,51.96,-0.697
2025-01-01 19:05:00,36311.39,36350.4138549584,32181.274197264924,32223.61,27.09,0.196
2025-01-01 19:10:00,37948.11,38005.966393227936,35191.31897092376,35192.25,73.16,0.329
2025-01-01 19:15:00,35026.37,36168.664181621636,34982.13062592518,36077.53,60.08,-0.161
2025-01-01 19:20:00,35769.04,35824.44992803958,32448.913083032454,32453.52,42.28,0.402
2025-01-01 19:25:00,34925.18,34942.62984863979,30522.93220788389,30577.32,92.02,-0.179
2025-01-01 19:30:00,31952.43,33948.20033555812,31918.574597256295,33910.33,11.88,0.009
2025-01-01 19:35:00,37224.52,37308.83448650297,32294.686506640595,32342.03,38.42,-0.985
2025-01-01 19:40:00,32807.72,32872.14130159896,32134.222963925688,32195.54,15.12,0.383
2025-01-01 19:45:00,30243.16,39663.70243843338,30156.279890418216,39598.63,78.99,0.323
2025-01-01 19:50:00,36454.72,36541.40214856885,36096.809842352806,36163.0,73.19,-0.923
2025-01-01 19:55:00,31771.11,35658.17730574625,31727.705113152184,35568.78,39.82,-0.263
2025-01-01 20:00:00,39404.59,39496.569257177944,34075.807214632965,34157.75,70.81,0.958
2025-01-01 20:05:00,39539.29,39548.77491932532,34198.88178624269,34289.44,45.63,-0.159
2025-01-01 20:10:00,39148.64,39203.05260019631,35397.074003356785,35409.05,78.06,0.004
2025-01-01 20:15:00,33701.59,37038.35095212184,33648.39670224472,36964.3,50.88,0.82
2025-01-01 20:20:00,30154.57,37097.1526845127,30126.118804025755,37021.46,47.11,0.435
2025-01-01 20:25:00,39283.19,39343.861620197,31712.233880212305,31716.94,94.13,0.164
2025-01-01 20:30:00,34281.84,35017.808733518366,34214.9853304886,35001.13,32.58,0.596
2025-01-01 20:35:00,39666.55,39746.292055394166,34033.30292225408,34119.58,20.84,0.729
2025-01-01 20:40:00,39636.2,39708.21113335149,38688.97973455226,38705.27,62.61,-0.086
2025-01-01 20:45:00,38530.09,38538.7035771549,36232.94863423761,36314.19,97.24,-0.05
2025-01-01 20:50:00,32944.49,35371.42098246744,32859.1504266463,35325.04,44.01,-0.228
2025-01-01 20:55:00,33850.98,33868.377739952186,31062.515955733354,31153.95,15.58,0.933
2025-01-01 21:00:00,38511.37,38545.1177045713,36029.851491091395,36056.38,40.54,0.394
2025-01-01 21:05:00,33169.22,33171.02810922057,31081.644693481012,31172.04,55.53,-0.834
2025-01-01 21:10:00,31694.93,33412.10298684108,31662.863724526356,33372.07,24.57,0.726
2025-01-01 21:15:00,35568.01,35622.99769211563,31373.186198654446,31428.42,69.23,-0.039
2025-01-01 21:20:00,39361.55,39423.50825928271,36915.68925291677,36920.74,99.8,-0.862
2025-01-01 21:25:00,36960.3,37026.64903451288,32058.131891163128,32062.52,50.66,0.099
2025-01-01 21:30:00,35700.61,35784.23913131025,33846.55267872677,33918.59,41.93,-0.166
2025-01-01 21:35:00,30971.76,38978.29629072757,30927.31200220222,38956.75,46.06,0.755
2025-01-01 21:40:00,36150.07,36162.118182243845,32017.530762463077,32043.16,20.36,-0.592
2025-01-01 21:45:00,39900.54,39985.693717189795,35059.00865039751,35078.05,89.49,0.653
2025-01-01 21:50:00,31400.84,34208.381281489266,31333.844650914078,34192.72,47.33,0.115
2025-01-01 21:55:00,35183.3,35280.776008133624,30181.199845597468,30181.24,44.85,-0.891
2025-01-01 22:00:00,38773.73,38857.98382293987,37846.99088308032,37927.58,69.37,0.944
2025-01-01 22:05:00,37407.69,37457.77766058896,30682.535039387007,30690.46,49.78,0.025
2025-01-01 22:10:00,36970.16,37068.302142492204,34723.40103850919,34742.55,68.34,-0.418
2025-01-01 22:15:00,37024.84,37034.5776729108,35568.15636047009,35606.78,15.53,-0.061
2025-01-01 22:20:00,33594.91,36314.56657611751,33546.424126028396,36284.26,83.24,0.716
2025-01-01 22:25:00,32935.92,36950.14244150406,32900.420488418604,36886.32,94.65,-0.39
2025-01-01 22:30:00,38093.61,38128.61068684732,32500.648783501572,32532.72,68.39,-0.615
2025-01-01 22:35:00,38101.13,38193.96725519808,30003.39839879268,30099.79,95.91,-0.742
2025-01-01 22:40:00,38670.72,38677.28260881778,37170.282031875664,37234.44,23.63,-0.404
2025-01-01 22:45:00,39132.41,39187.3511832061,35354.22670446326,35356.57,52.97,0.56
2025-01-01 22:50:00,35113.42,38420.26662673951,35070.40240915557,38361.18,64.16,-0.057
2025-01-01 22:55:00,35015.16,38279.15281237772,34927.659130025604,38213.88,62.36,-0.545
2025-01-01 23:00:00,37982.95,38458.82662233318,37952.80438135893,38433.26,46.13,-0.668
2025-01-01 23:05:00,36499.64,36536.09664275199,34841.49436552256,34850.95,40.43,-0.335
2025-01-01 23:10:00,37019.67,37104.0380529665,33260.44152284101,33336.28,21.41,0.88
2025-01-01 23:15:00,37957.93,37977.424276897014,37854.978616806395,37915.58,45.26,-0.314
2025-01-01 23:20:00,38900.05,38982.73678471734,34455.90874921735,34512.94,24.64,0.976
2025-01-01 23:25:00,33379.95,33436.21554229027,31829.06234403926,31834.42,76.09,-0.03
2025-01-01 23:30:00,33755.83,38625.958751119404,33741.78009902045,38549.74,28.79,-0.642
2025-01-01 23:35:00,30939.82,38896.960736626344,30877.56506037869,38825.6,15.27,0.782
2025-01-01 23:40:00,35782.8,35803.55114953849,34642.31761585412,34663.1,59.71,-0.079
2025-01-01 23:45:00,30359.42,30813.881273643387,30309.012992025157,30757.0,63.57,0.419
2025-01-01 23:50:00,34655.98,34742.752315280515,33823.77183139706,33878.26,88.47,0.967
2025-01-01 23:55:00,35426.45,38078.59162368019,35398.0992809729,38035.38,61.93,-0.9
2025-01-02 00:00:00,32865.41,39114.39907702233,32770.567484445855,39017.74,41.09,-0.807
2025-01-02 00:05:00,35908.33,35953.55151001018,31950.48358931644,32034.73,82.27,0.441
2025-01-02 00:10:00,30305.0,30684.01856366679,30232.76264923672,30669.74,58.63,-0.436
2025-01-02 00:15:00,30373.48,38812.44346800777,30365.680613359058,38773.5,17.14,-0.631
2025-01-02 00:20:00,38226.01,38321.180240639056,33883.436998069104,33894.05,60.93,-0.921
2025-01-02 00:25:00,33601.91,35449.58208493399,33552.63186541351,35417.61,91.72,-0.956
2025-01-02 00:30:00,31270.61,39767.46981598671,31254.5386650809,39680.66,45.67,0.549
2025-01-02 00:35:00,35222.43,35310.55506816819,30567.823453647055,30665.65,36.67,-0.731
2025-01-02 00:40:00,37699.94,37734.9586524332,36467.32797659726,36483.18,22.91,-0.065
2025-01-02 00:45:00,32158.21,32166.535765805063,30692.3032164536,30741.05,23.63,0.212
2025-01-02 00:50:00,36228.9,36301.355790915884,33718.27789431585,33754.69,48.95,-0.143
2025-01-02 00:55:00,30853.47,38069.3012299014,30789.53135785459,38038.15,63.61,-0.946
2025-01-02 01:00:00,30516.82,34413.01236142576,30503.916359111055,34334.72,17.26,0.567
2025-01-02 01:05:00,35313.55,40016.08548482604,35270.51835719576,39971.82,94.56,-0.979
2025-01-02 01:10:00,35406.35,35639.11667423426,35378.87949671928,35590.59,77.96,0.524
2025-01-02 01:15:00,36374.3,36452.090940674854,33122.84484753283,33211.62,62.8,0.787
2025-01-02 01:20:00,37260.91,37299.14633310617,32197.05142878653,32201.11,84.56,-0.134
2025-01-02 01:25:00,39758.52,39802.83273453229,33413.837250599354,33505.21,17.22,0.071
2025-01-02 01:30:00,35163.0,35200.619046876964,33642.030586144705,33725.33,52.92,-0.046
2025-01-02 01:35:00,33229.56,33266.29405152772,30657.382928355917,30687.14,66.71,-0.222
2025-01-02 01:40:00,37951.86,38004.45465769015,33616.81093453229,33695.74,84.58,0.775
2025-01-02 01:45:00,32708.32,34723.26994445011,32705.198643966123,34642.39,80.51,0.788
2025-01-02 01:50:00,34389.71,37263.556831192254,34293.02344497066,37227.38,34.94,-0.328
2025-01-02 01:55:00,30784.56,36619.71547205377,30731.90050574102,36567.29,94.68,0.23
2025-01-02 02:00:00,30253.51,37154.73273254426,30223.181897393453,37087.66,21.19,0.854
2025-01-02 02:05:00,39626.48,39653.42394463037,30047.38167874053,30083.64,88.76,0.924
2025-01-02 02:10:00,38359.8,38387.55228049024,32170.029464653948,32176.67,97.38,0.018
2025-01-02 02:15:00,36959.74,37053.08131270234,36517.90504859579,36616.84,25.94,-0.094
2025-01-02 02:20:00,34089.53,34912.243457333105,34085.60080548493,34839.89,74.99,-0.443
2025-01-02 02:25:00,31732.94,31790.65866762233,29987.639287685215,30053.13,13.63,0.918
2025-01-02 02:30:00,31564.37,38109.72200544206,31520.096407229354,38044.95,46.49,-0.714
2025-01-02 02:35:00,32502.43,37731.02994431034,32407.53837818113,37728.1,56.47,0.16
2025-01-02 02:40:00,35492.27,35554.08029655617,35459.59002596932,35484.19,62.26,-0.435
2025-01-02 02:45:00,37145.96,37196.91088732242,30611.4213176062,30664.63,94.23,-0.442
2025-01-02 02:50:00,36601.97,37719.72496797794,36553.73437914172,37665.15,70.5,-0.19
2025-01-02 02:55:00,32799.34,35873.08238268308,32729.053355594988,35837.14,53.32,0.998
2025-01-02 03:00:00,39548.65,39556.797389771295,37812.798976804756,37819.6,82.87,-0.89
2025-01-02 03:05:00,37378.97,37536.80392336121,37359.591086997665,37517.47,95.55,0.157
2025-01-02 03:10:00,35543.54,38125.09447132127,35522.083517990715,38030.02,11.99,-0.835
2025-01-02 03:15:00,36117.21,36158.07995622709,35106.26492451583,35180.08,98.43,-0.691
2025-01-02 03:20:00,34196.0,34242.66831558308,31384.336130367326,31403.25,17.75,-0.121
2025-01-02 03:25:00,32477.31,36716.84097898535,32419.960823610905,36711.57,83.29,0.021
2025-01-02 03:30:00,33559.73,36208.49662295439,33538.205617949905,36204.74,35.23,-0.482
2025-01-02 03:35:00,37578.46,37650.178144704674,37336.3675049916,37422.53,21.9,-0.367
2025-01-02 03:40:00,30143.93,31752.619466412114,30049.711454551038,31698.81,49.59,-0.826
2025-01-02 03:45:00,31160.73,32000.620598421625,31108.880702505776,31949.75,67.96,-0.394
2025-01-02 03:50:00,30460.03,38928.41245304226,30424.799111579083,38904.1,44.29,0.933
2025-01-02 03:55:00,30407.29,37574.25507316299,30383.88422249825,37499.78,14.91,0.889
2025-01-02 04:00:00,38554.61,39099.10365791085,38549.63189984769,39082.28,63.95,-0.33
2025-01-02 04:05:00,37036.58,37606.1434743661,37009.72999238025,37587.15,91.22,0.142
2025-01-02 04:10:00,34741.74,36017.62121713483,34676.31642200547,35971.55,44.49,0.819
2025-01-02 04:15:00,30978.34,36569.95798621119,30924.978306869078,36541.33,29.47,-0.988
2025-01-02 04:20:00,34916.16,38916.02629812331,34821.75587217191,38891.28,49.83,0.621
2025-01-02 04:25:00,34734.72,35852.593764455334,34695.09227375083,35788.07,14.35,0.897
2025-01-02 04:30:00,31732.02,36389.00717452186,31662.63366576716,36323.91,83.84,-0.817
2025-01-02 04:35:00,34338.52,34420.97170697999,31515.837725252488,31564.77,84.37,-0.677
2025-01-02 04:40:00,33985.05,34780.98085669729,33933.79237840758,34739.21,62.92,0.921
2025-01-02 04:45:00,36158.5,37171.278509102616,36131.72256853959,37163.97,41.78,0.075
2025-01-02 04:50:00,36350.94,36378.30663849215,32663.9349223158,32709.43,81.98,-0.972
2025-01-02 04:55:00,30453.04,32120.540546319684,30405.96150029873,32022.54,59.92,-0.485
2025-01-02 05:00:00,33746.13,33805.75585752327,33067.6057478251,33138.27,84.33,-0.1
2025-01-02 05:05:00,36258.6,36329.5737084801,32320.94600008139,32415.01,66.83,0.386
2025-01-02 05:10:00,35031.36,35032.09578296254,32116.19787225175,32149.13,80.6,0.466
2025-01-02 05:15:00,38564.9,38616.720573218256,34244.28995314187,34248.51,63.87,0.991
2025-01-02 05:20:00,36586.94,39082.14286575318,36537.31048744994,39078.39,47.27,-0.425
2025-01-02 05:25:00,31629.34,35127.52302120914,31574.89386678508,35070.6,96.22,0.076
2025-01-02 05:30:00,30705.69,31971.277084963607,30688.84594488681,31879.2,58.7,0.067
2025-01-02 05:35:00,36424.19,36521.03191305004,30693.673539372394,30769.72,64.46,-0.189
2025-01-02 05:40:00,30265.11,37015.61526753889,30166.61708915585,36961.56,29.84,-0.662
2025-01-02 05:45:00,35857.76,35903.58048052523,33733.41252829915,33827.99,66.31,0.955
2025-01-02 05:50:00,39402.3,39496.80170942485,38198.599396117635,38218.31,61.44,0.707
2025-01-02 05:55:00,35754.74,36662.47098319967,35667.20367600992,36595.11,26.64,-0.003
2025-01-02 06:00:00,33881.7,37968.89992795385,33811.250636358825,37962.41,15.36,0.206
2025-01-02 06:05:00,36432.88,36479.452557766745,32674.075343619308,32719.46,64.39,-0.545
2025-01-02 06:10:00,34582.53,36947.61450184643,34528.468900567525,36923.59,78.73,0.088
2025-01-02 06:15:00,35456.17,35503.15043214487,32555.659982501755,32640.62,57.11,0.39
2025-01-02 06:20:00,39414.65,39460.19655720064,39342.66650603616,39390.68,30.41,0.03
2025-01-02 06:25:00,33861.03,36421.95448028147,33823.709263089484,36363.74,69.99,0.981
2025-01-02 06:30:00,39611.91,39647.587049034926,33195.7952506974,33245.12,17.21,0.223
2025-01-02 06:35:00,39053.51,39069.9370449456,32637.207019596495,32695.12,49.77,-0.258
2025-01-02 06:40:00,31957.91,32008.281943458995,31890.362234622167,31909.27,24.7,0.544
2025-01-02 06:45:00,30693.61,37029.43028843458,30603.5192269733,36946.41,26.6,-0.659
2025-01-02 06:50:00,31007.78,32253.56122280676,30940.361305117036,32187.16,28.21,-0.231
2025-01-02 06:55:00,30182.22,35986.86678659252,30118.893108266253,35953.03,44.8,-0.306
2025-01-02 07:00:00,30944.43,32739.902302275885,30934.480377381937,32646.35,14.6,-0.136
2025-01-02 07:05:00,36830.07,36921.290757124916,36559.27260618274,36619.69,45.8,0.564
2025-01-02 07:10:00,30711.89,38170.33483993841,30699.79393377615,38149.4,56.05,-0.032
2025-01-02 07:15:00,33189.76,37784.19175851204,33181.89023248046,37780.25,53.5,0.588
2025-01-02 07:20:00,38448.75,38522.88087083508,37555.778910435765,37608.51,44.45,0.153
2025-01-02 07:25:00,30232.72,31959.981026134916,30192.441446595352,31877.22,85.52,-0.316
2025-01-02 07:30:00,38144.68,38241.46645659514,30824.968972984378,30883.85,23.08,0.62
2025-01-02 07:35:00,32818.55,37078.47363940883,32809.62778319428,36989.49,55.51,-0.523
2025-01-02 07:40:00,31181.65,33743.52347682064,31138.551693715275,33683.47,15.58,-0.551
2025-01-02 07:45:00,36967.37,37020.375233921244,34305.98132849548,34323.46,16.4,0.009
2025-01-02 07:50:00,36289.43,36292.21410512626,30212.77999140759,30311.49,61.65,-0.478
2025-01-02 07:55:00,38774.72,38799.38564468448,32539.64497875648,32595.76,60.94,-0.982
2025-01-02 08:00:00,37350.71,37396.671475173294,30268.01631390591,30336.76,89.02,0.297
2025-01-02 08:05:00,38034.81,38854.71039000836,38002.26817193173,38791.86,60.21,0.022
2025-01-02 08:10:00,32820.35,32876.07518333184,32424.496108522068,32433.97,96.38,-0.109
2025-01-02 08:15:00,31774.4,35647.63359896817,31676.81291372165,35573.37,14.38,0.934
2025-01-02 08:20:00,37506.15,37534.12669308871,30361.16409646168,30389.79,18.82,0.142
2025-01-02 08:25:00,38068.35,38124.84526076524,36626.08918148265,36668.47,13.97,0.727
2025-01-02 08:30:00,39905.05,39913.86422433908,33165.28360782974,33230.27,26.67,-0.721
2025-01-02 08:35:00,34126.18,39020.55655235832,34123.710270231386,38979.19,58.71,0.138
2025-01-02 08:40:00,33720.18,38956.19608329546,33639.15408694827,38881.18,68.1,0.736
2025-01-02 08:45:00,37764.13,37833.4700853429,33199.252180997144,33252.91,14.1,0.166
2025-01-02 08:50:00,33408.04,39108.67427371722,33380.21828129312,39009.61,95.14,0.436
2025-01-02 08:55:00,39307.57,39989.369112598775,39301.40920147075,39961.58,85.79,-0.256
2025-01-02 09:00:00,38584.13,38633.948929917395,38237.910158452556,38254.16,36.7,-0.815
2025-01-02 09:05:00,34289.94,38481.6630413774,34200.43661411466,38448.71,16.95,-0.084
2025-01-02 09:10:00,37508.71,37552.77031140592,32421.48757760641,32490.09,25.29,-0.211
2025-01-02 09:15:00,37545.43,37631.12501298694,35742.029827836304,35767.02,21.42,0.734
2025-01-02 09:20:00,31031.24,31099.66090751885,30665.999923505497,30672.56,21.1,-0.512
2025-01-02 09:25:00,39025.53,39113.77411913476,30880.118468761335,30949.18,56.67,0.933
2025-01-02 09:30:00,35052.52,40009.28111083319,34995.27922740322,39988.93,32.13,0.916
2025-01-02 09:35:00,38264.57,38351.90611178414,33225.93804755418,33266.39,42.23,-0.505
2025-01-02 09:40:00,33200.5,37487.81622741783,33164.13885508099,37481.84,99.06,-0.304
2025-01-02 09:45:00,38955.23,39044.089928043715,38044.96857240709,38066.65,71.59,0.791
2025-01-02 09:50:00,33892.02,38613.13737794608,33825.05887434624,38580.23,95.41,0.933
2025-01-02 09:55:00,30108.38,40007.738763341404,30011.313197220614,39976.28,22.83,-0.113
2025-01-02 10:00:00,39053.82,39105.028857669866,32397.388475416315,32414.96,44.39,-0.358
2025-01-02 10:05:00,30912.87,31006.939018772322,30343.798337998447,30403.51,59.93,0.052
2025-01-02 10:10:00,33193.14,34116.69813646814,33150.7214944254,34111.92,16.91,0.376
2025-01-02 10:15:00,39500.62,39535.84309750708,31256.141127825536,31300.81,10.38,-0.453
2025-01-02 10:20:00,39506.07,39591.727198868335,30198.84527198722,30224.26,70.34,0.473
2025-01-02 10:25:00,35734.38,35773.985447743544,33521.75651243386,33604.27,67.76,-0.897
2025-01-02 10:30:00,36318.37,37857.2956897597,36269.84443958528,37837.38,46.97,-0.901
2025-01-02 10:35:00,34484.46,35704.289418133136,34430.11941478017,35661.81,54.07,-0.227
2025-01-02 10:40:00,32932.11,33166.33525014917,32901.633908720265,33127.78,47.39,-0.293
2025-01-02 10:45:00,33286.65,36634.96162014667,33268.4691534333,36543.42,12.16,-0.369
2025-01-02 10:50:00,36725.18,36801.37343757431,32311.588961179717,32320.18,40.18,-0.018
2025-01-02 10:55:00,37523.75,37574.2615555744,30072.39808590751,30143.81,25.94,-0.359
2025-01-02 11:00:00,37915.79,38014.62705667216,37623.90657183121,37643.53,18.86,-0.615
2025-01-02 11:05:00,37896.18,37942.70775312759,36168.42246458112,36237.43,96.1,-0.381
2025-01-02 11:10:00,30912.06,37628.85378308203,30873.022355395307,37623.03,63.94,0.95
2025-01-02 11:15:00,34944.2,34970.427432181496,30347.802519901037,30389.38,75.58,-0.178
2025-01-02 11:20:00,30575.59,38414.807048021925,30528.672250390722,38371.2,38.38,-0.111
2025-01-02 11:25:00,35495.29,36210.95026241461,35458.51914918725,36195.26,45.38,0.153
2025-01-02 11:30:00,34415.31,35728.7065126324,34405.24800227774,35633.95,31.32,0.967
2025-01-02 11:35:00,38877.04,38953.72488978178,36215.17681899972,36246.14,18.73,-0.517
2025-01-02 11:40:00,33509.15,38671.15872004278,33442.77656393061,38644.33,26.11,0.363
2025-01-02 11:45:00,31170.67,35928.4504533518,31104.09155985311,35869.37,81.78,0.432
2025-01-02 11:50:00,31429.92,35881.64491571096,31401.297569275997,35809.5,70.98,0.215
2025-01-02 11:55:00,37615.11,40000.917892890684,37569.09973734423,39906.79,59.22,-0.823
2025-01-02 12:00:00,36182.18,37655.463534917544,36162.83527719881,37567.3,52.76,0.354
2025-01-02 12:05:00,31011.23,34474.45922261383,30990.192791847017,34422.94,93.02,-0.872
2025-01-02 12:10:00,30841.07,37151.435261979306,30838.76529115934,37073.97,16.55,0.192
2025-01-02 12:15:00,37009.69,37065.90447538276,33802.625345009226,33892.3,35.25,0.479
2025-01-02 12:20:00,30727.63,32344.020389004552,30706.55933349251,32288.75,41.49,-0.578
2025-01-02 12:25:00,38218.6,38230.07419583382,35945.76661230635,35968.52,80.42,0.683
2025-01-02 12:30:00,37062.42,39294.433765801616,37034.459856735484,39281.82,99.33,-0.939
2025-01-02 12:35:00,30813.49,39344.353361502246,30800.74919283046,39291.4,31.66,0.688
2025-01-02 12:40:00,30848.38,33445.936154497904,30784.453711681865,33419.05,88.69,-0.079
2025-01-02 12:45:00,39866.4,39868.50369024605,35269.25570468224,35276.77,84.76,-0.565
2025-01-02 12:50:00,33742.71,33814.99392039002,32102.939757367367,32116.36,30.22,-0.732
2025-01-02 12:55:00,33706.42,39959.55865966901,33641.94432734099,39956.31,45.94,0.907
2025-01-02 13:00:00,38128.0,39870.707684110406,38094.033937951855,39811.18,46.87,-0.855
2025-01-02 13:05:00,39472.49,39526.40937941273,36424.295217329876,36495.09,98.04,-0.602
2025-01-02 13:10:00,39860.01,39956.89146905778,37988.397525532986,38044.14,26.28,-0.304
2025-01-02 13:15:00,37533.78,37582.20131393476,37125.39788269385,37151.0,81.92,0.24
2025-01-02 13:20:00,33762.6,35937.94014363778,33697.517204951066,35931.58,40.08,0.09
2025-01-02 13:25:00,30835.01,30890.178796780645,30521.852631970713,30533.48,75.78,-0.749
2025-01-02 13:30:00,37771.47,37855.57961706161,34493.998961692,34547.64,47.8,-0.421
2025-01-02 13:35:00,35584.04,36847.54492842814,35540.325189495496,36747.86,62.05,-0.522
2025-01-02 13:40:00,34242.22,36818.35431736891,34215.43264171826,36775.32,84.94,-0.573
2025-01-02 13:45:00,39063.54,39095.569874249675,33670.82950022606,33731.23,82.37,-0.178
2025-01-02 13:50:00,31111.97,39507.5853296952,31024.836640765974,39416.92,87.98,0.408
2025-01-02 13:55:00,34926.25,34945.37421290761,31573.67953002369,31673.57,15.37,-0.565
2025-01-02 14:00:00,30113.54,35065.13289150329,30052.76372312566,35003.59,72.28,-0.267
2025-01-02 14:05:00,34686.61,36949.41144241809,34646.139412567085,36908.84,22.6,-0.218
2025-01-02 14:10:00,30563.03,36975.46823649556,30540.509289978378,36971.36,47.42,0.953
2025-01-02 14:15:00,31188.18,36521.11884743057,31162.470391060488,36486.39,59.37,0.909
2025-01-02 14:20:00,31175.26,32779.40285225027,31127.31450218502,32752.88,46.25,0.6
2025-01-02 14:25:00,36492.1,36560.70911539435,31525.342229871927,31562.07,56.77,-0.517
2025-01-02 14:30:00,37460.45,37555.32904976919,36268.018547737505,36359.4,99.69,-0.864
2025-01-02 14:35:00,35833.69,36019.82471873786,35796.86045323443,35993.02,22.17,-0.366
2025-01-02 14:40:00,39621.73,39702.87659391517,31756.215540885456,31793.56,70.79,-0.466
2025-01-02 14:45:00,33748.71,37056.92598169384,33710.3565487566,37051.39,45.64,0.012
2025-01-02 14:50:00,32857.12,34605.532101003984,32773.45797896323,34551.72,21.97,0.555
2025-01-02 14:55:00,38685.99,38693.04500637099,36612.53116791531,36677.61,24.29,0.717
2025-01-02 15:00:00,32235.96,38467.073299113064,32174.54311496811,38373.67,95.43,0.69
2025-01-02 15:05:00,39632.23,39708.86512805574,31663.865697761612,31697.28,89.16,-0.281
2025-01-02 15:10:00,30121.54,30257.24499112046,30039.749582316756,30191.45,91.63,0.374
2025-01-02 15:15:00,39698.79,39781.179638162466,37787.19361386443,37791.03,99.24,-0.374
2025-01-02 15:20:00,30431.6,36161.72197955702,30344.52028276619,36096.97,28.75,-0.878
2025-01-02 15:25:00,38911.43,39008.32443971743,36945.12501002061,36996.4,41.99,0.403
2025-01-02 15:30:00,35277.01,38452.94579478648,35237.18497651366,38381.55,70.23,-0.98
2025-01-02 15:35:00,39929.65,40022.11586095823,37978.39327192823,38028.11,53.54,-0.182
2025-01-02 15:40:00,30737.97,39660.91318920106,30671.228446946618,39609.2,47.66,-0.341
2025-01-02 15:45:00,35538.54,35550.246441298186,35358.07345734821,35359.35,42.2,0.387
2025-01-02 15:50:00,39693.03,39745.847772142304,34797.804814354175,34884.96,63.44,0.532
2025-01-02 15:55:00,35230.98,35243.66728280631,33974.19604746886,34018.87,61.8,-0.392
2025-01-02 16:00:00,36293.99,36353.23934791764,31502.61334802999,31536.91,24.53,0.623
2025-01-02 16:05:00,36957.49,37005.73930605276,35712.24544343659,35726.07,52.46,-0.412
2025-01-02 16:10:00,34545.41,34607.66753978328,32726.183462564153,32770.13,59.81,-0.107
2025-01-02 16:15:00,36275.58,39214.084698105486,36225.94772287156,39213.08,61.33,0.454
2025-01-02 16:20:00,35843.14,35862.62404916553,35791.54533055065,35831.91,28.91,0.386
2025-01-02 16:25:00,39011.58,39060.713043191216,35860.53399061731,35928.4,76.8,0.975
2025-01-02 16:30:00,30454.46,33644.300356158914,30412.370347124077,33549.25,12.27,-0.55
2025-01-02 16:35:00,32809.63,32847.99090403551,30423.74824221534,30519.89,41.93,0.325
2025-01-02 16:40:00,39504.11,39546.54720260536,30257.51224821764,30317.44,80.22,0.219
2025-01-02 16:45:00,38902.64,38974.10960890066,34152.60220643481,34233.35,60.75,0.83
2025-01-02 16:50:00,34556.57,34616.94927572861,30834.714409689055,30845.65,33.5,-0.687
2025-01-02 16:55:00,36201.33,36231.222615009836,36028.74087070541,36068.47,72.55,0.504
2025-01-02 17:00:00,32773.81,38850.81163955675,32740.125229855283,38809.73,61.07,0.137
2025-01-02 17:05:00,31881.21,38850.91997988572,31824.26176118634,38829.15,81.66,-0.451
2025-01-02 17:10:00,34636.98,36687.05214591302,34550.86864799386,36590.45,76.15,-0.051
2025-01-02 17:15:00,33533.52,33546.583438155736,32104.4861782238,32112.32,64.91,-0.332
2025-01-02 17:20:00,35836.56,38667.15367845664,35829.302520195524,38629.97,53.94,0.159
2025-01-02 17:25:00,30777.35,38863.513897222,30692.31822918424,38860.93,21.99,0.778
2025-01-02 17:30:00,39743.95,39766.12794919335,31945.254991396167,31966.54,33.52,0.139
2025-01-02 17:35:00,39862.11,39940.15711383802,37307.38467455502,37374.26,47.72,0.263
2025-01-02 17:40:00,36981.62,37001.73752322889,32810.91218676392,32865.2,63.94,0.037
2025-01-02 17:45:00,35360.96,38034.4063402529,35277.67064051128,38026.4,56.23,-0.898
2025-01-02 17:50:00,33095.28,40019.82531798445,33082.77110901636,39972.38,35.94,-0.534
2025-01-02 17:55:00,38137.95,38138.94692347345,30287.281703427736,30300.26,10.58,-0.016
2025-01-02 18:00:00,36847.31,38982.136615442636,36791.628163972164,38973.66,54.66,-0.38
2025-01-02 18:05:00,31626.17,36307.072586956296,31531.53213466416,36226.31,35.71,-0.636
2025-01-02 18:10:00,39109.27,39810.977334485964,39067.77022416292,39733.83,76.11,0.008
2025-01-02 18:15:00,38225.37,38316.88388204049,34617.40578997453,34650.1,12.16,-0.354
2025-01-02 18:20:00,39498.0,39583.45154359107,38413.21106768021,38473.88,62.63,-0.484
2025-01-02 18:25:00,37257.2,37325.517556323975,30530.895139945496,30623.94,94.73,-0.072
2025-01-02 18:30:00,36134.15,36139.383285730066,33269.09721671554,33352.79,25.7,-0.733
2025-01-02 18:35:00,34182.43,34260.71486179867,30570.621638926677,30670.17,52.45,0.855
2025-01-02 18:40:00,39327.28,39837.98108108406,39325.02314167976,39753.43,18.23,0.735
2025-01-02 18:45:00,38660.64,38740.5482145772,38158.454185528724,38169.74,66.31,0.415
2025-01-02 18:50:00,30452.19,38576.317903530806,30391.243223663336,38525.47,59.55,-0.788
2025-01-02 18:55:00,30263.67,39402.94018386495,30181.612356066613,39379.65,46.66,0.552
2025-01-02 19:00:00,33764.63,33849.16299756887,30822.505565769323,30851.03,56.92,0.616
2025-01-02 19:05:00,38105.53,38178.24628097401,33832.05889119658,33855.98,90.69,0.536
2025-01-02 19:10:00,39872.76,39970.836117438885,30631.652420061877,30710.35,27.67,-0.772
2025-01-02 19:15:00,31504.17,32123.49925977559,31498.531814614675,32107.93,12.03,0.288
2025-01-02 19:20:00,35941.31,35963.8764583052,32256.721735241743,32293.66,87.55,0.669
2025-01-02 19:25:00,33808.91,34712.24981498815,33758.32907774077,34691.07,61.94,0.155
2025-01-02 19:30:00,39699.14,39778.393976762134,32629.585132564967,32685.62,90.16,0.293
2025-01-02 19:35:00,38421.19,38439.88072964502,30936.918484320722,31009.78,63.73,-0.083
2025-01-02 19:40:00,38383.29,38389.955982982334,31639.425427656934,31674.91,82.91,0.057
2025-01-02 19:45:00,34686.93,34786.78608065857,31411.49156553254,31472.76,48.67,-0.931
2025-01-02 19:50:00,34148.2,39733.25172114451,34089.6624577209,39730.77,77.49,0.278
2025-01-02 19:55:00,32734.07,37676.45440601589,32679.308389934624,37592.93,92.17,-0.837
2025-01-02 20:00:00,30563.75,39714.146684155065,30499.70167068578,39677.61,61.49,-0.13
2025-01-02 20:05:00,38647.22,38731.38154597578,34371.4550828932,34397.4,26.27,-0.415
2025-01-02 20:10:00,38129.01,38184.47204912112,32775.21512464154,32783.68,34.19,0.091
2025-01-02 20:15:00,39997.18,40087.34312294864,37971.002832796024,37982.93,27.88,-0.733
2025-01-02 20:20:00,39966.37,40058.98929864146,33240.08176173461,33262.54,32.22,0.383
2025-01-02 20:25:00,35554.32,35555.22981812808,32943.81020644772,32993.83,37.58,0.59
2025-01-02 20:30:00,37689.87,37697.411217599285,32241.0157249454,32325.06,59.96,-0.673
2025-01-02 20:35:00,39447.66,39472.69587295709,31226.66066579116,31296.79,62.92,-0.791
2025-01-02 20:40:00,38496.47,38563.401541636355,32485.725939579796,32564.63,48.38,-0.709
2025-01-02 20:45:00,32473.48,33642.02721965115,32438.38243760739,33553.2,65.39,0.754
2025-01-02 20:50:00,34505.44,36785.9341951294,34464.974625835144,36739.94,17.34,0.056
2025-01-02 20:55:00,31291.59,31352.287311627428,30586.28181140094,30625.65,17.9,-0.065
2025-01-02 21:00:00,39540.51,39559.35998527956,32085.88268155955,32105.07,25.46,-0.787
2025-01-02 21:05:00,36061.75,38170.73668338817,36055.62833418564,38090.24,56.63,0.299
2025-01-02 21:10:00,32286.43,32383.162811135346,31410.12839071728,31469.22,29.26,0.736
2025-01-02 21:15:00,36717.01,36743.86989329146,33327.52833165794,33426.45,35.5,0.656
2025-01-02 21:20:00,36181.28,38696.072595160054,36164.59702950497,38646.59,46.03,0.252
2025-01-02 21:25:00,33581.63,33590.24161105064,31544.581518010073,31549.25,83.07,-0.849
2025-01-02 21:30:00,31135.58,31191.4936656463,30749.416831817605,30827.37,11.25,-0.775
2025-01-02 21:35:00,36715.73,36766.00834418467,34820.121399331525,34845.38,68.44,-0.901
2025-01-02 21:40:00,35203.08,35217.52364841551,32941.23561946471,33024.2,70.2,-0.485
2025-01-02 21:45:00,37723.18,37767.38662131181,35563.68633329655,35634.08,81.88,-0.729
2025-01-02 21:50:00,35201.64,38071.46046520866,35107.07264629492,38038.05,93.95,-0.48
2025-01-02 21:55:00,38521.82,38574.00308753052,31330.587276424332,31371.48,11.81,-0.23
2025-01-02 22:00:00,35519.07,35865.555433542875,35452.87301605494,35806.99,23.84,0.886
2025-01-02 22:05:00,35609.38,35610.229557860715,35008.60452191867,35055.09,89.76,0.221
2025-01-02 22:10:00,38766.54,38842.64059829496,31377.731130269145,31440.79,51.27,0.67
2025-01-02 22:15:00,34034.83,36311.28142918618,33989.87010939923,36239.98,60.81,0.421
2025-01-02 22:20:00,31340.15,32773.02863862066,31321.286775357596,32736.4,69.67,-0.775
2025-01-02 22:25:00,30287.83,34883.63359355688,30237.040258399662,34878.34,71.12,0.472
2025-01-02 22:30:00,37551.37,37626.86325397851,30769.861579856257,30822.72,93.86,-0.45
2025-01-02 22:35:00,36203.1,36298.61751604781,34514.77961517398,34595.84,99.73,0.278
2025-01-02 22:40:00,37040.8,37064.81515960221,32991.07792942064,33064.63,74.81,-0.318
2025-01-02 22:45:00,32129.64,38256.1624613737,32063.260837605856,38223.81,35.85,0.995
2025-01-02 22:50:00,31363.71,31382.09128894818,30558.451290444744,30569.79,89.18,-0.473
2025-01-02 22:55:00,30145.45,34243.763612334486,30073.38837093363,34186.07,14.43,-0.442
2025-01-02 23:00:00,33505.88,34599.79413946474,33455.849484364546,34584.31,30.8,0.861
2025-01-02 23:05:00,35899.18,37285.67939434614,35809.770046389385,37250.06,90.76,-0.951
2025-01-02 23:10:00,33922.44,35812.581301393424,33830.45290658695,35742.88,33.06,0.393
2025-01-02 23:15:00,34374.75,36728.13159830094,34369.23434093982,36672.12,29.86,0.451
2025-01-02 23:20:00,39041.59,39080.23625643279,37688.42584396455,37770.49,22.43,0.673
2025-01-02 23:25:00,33482.55,38664.05496018075,33478.780260957734,38622.03,87.32,0.949
2025-01-02 23:30:00,35139.89,35196.10108826232,33102.0330374305,33138.75,55.01,0.951
2025-01-02 23:35:00,37836.53,37837.116472788715,35326.0000024379,35380.23,70.74,-0.869
2025-01-02 23:40:00,33965.43,38408.930986845364,33950.61992013729,38401.08,31.52,0.644
2025-01-02 23:45:00,36220.87,39982.63580677631,36146.2386187431,39894.51,78.22,0.293
2025-01-02 23:50:00,38623.64,38902.97789890913,38622.80452958278,38895.19,78.4,0.295
2025-01-02 23:55:00,39495.21,39565.89035962105,33697.810095156594,33714.67,38.13,-0.743
2025-01-03 00:00:00,31470.73,32043.673816410905,31412.650317014653,31951.67,46.96,0.3
2025-01-03 00:05:00,39265.88,39292.94836043017,34822.49124379627,34893.93,28.87,0.965
2025-01-03 00:10:00,34921.16,37453.45914370596,34829.49568973061,37416.41,97.89,0.824
2025-01-03 00:15:00,32582.44,34982.582140584476,32511.890334806536,34925.69,68.1,-0.122
2025-01-03 00:20:00,34591.36,34919.980896963854,34524.182072974516,34831.81,94.11,-0.92
2025-01-03 00:25:00,39800.33,39894.52055872604,38342.86588536494,38382.3,37.3,-0.275
2025-01-03 00:30:00,34926.18,35000.13632481113,33613.91155744732,33614.04,80.37,0.653
2025-01-03 00:35:00,33287.52,38606.61197608546,33275.50407412643,38597.95,78.93,0.403
2025-01-03 00:40:00,36334.01,36400.92541555349,34014.5945455244,34068.05,72.25,-0.081
2025-01-03 00:45:00,32401.46,33323.36037218727,32333.947011415556,33282.33,96.91,-0.89
2025-01-03 00:50:00,30758.63,34586.97009994911,30716.885171610356,34539.9,45.42,-0.146
2025-01-03 00:55:00,31288.8,37629.384839034516,31215.732098847162,37624.47,21.76,-0.062
2025-01-03 01:00:00,31280.46,31299.566213934635,31207.833770466783,31260.02,70.45,0.857
2025-01-03 01:05:00,31519.03,32043.241360753364,31511.61238044057,31964.19,75.64,0.282
2025-01-03 01:10:00,31388.27,39559.845883304784,31369.068374903207,39514.45,61.76,-0.377
2025-01-03 01:15:00,36408.75,36438.91622416311,31670.920177675605,31754.92,28.61,0.051
2025-01-03 01:20:00,31818.8,35715.67190739649,31746.308725337556,35677.27,55.4,-0.868
2025-01-03 01:25:00,33456.67,35878.57995133257,33367.19380129875,35793.14,38.1,0.945
2025-01-03 01:30:00,38967.88,39042.77990174049,34884.4842750879,34896.24,48.47,-0.28
2025-01-03 01:35:00,34739.62,36474.681539718105,34640.59774653849,36447.45,68.07,-0.044
2025-01-03 01:40:00,36675.58,36687.33018402124,32277.329328605007,32298.27,77.07,-0.289
2025-01-03 01:45:00,31723.2,35551.81982216441,31722.022012371337,35526.62,30.9,0.365
2025-01-03 01:50:00,31922.89,33813.80564510548,31823.147706094645,33721.73,46.48,0.324
2025-01-03 01:55:00,30408.69,36674.828883784976,30380.582611455487,36616.67,34.22,0.431
2025-01-03 02:00:00,31689.35,31742.698020874475,31345.438054748745,31412.24,27.88,-0.464
2025-01-03 02:05:00,32785.9,35768.40935996924,32768.23176858237,35708.77,80.5,-0.369
2025-01-03 02:10:00,31770.1,31889.30282657465,31712.077146780084,31852.7,91.83,-0.749
2025-01-03 02:15:00,30887.03,32867.14070203195,30796.62650135454,32786.43,43.32,0.311
2025-01-03 02:20:00,31206.36,32239.428624930024,31174.341883257155,32187.1,77.62,-0.92
2025-01-03 02:25:00,34607.79,34619.46479027688,31761.354602395564,31828.38,90.73,0.195
2025-01-03 02:30:00,32063.34,38270.01651248291,32044.54964112016,38257.11,86.15,0.739
2025-01-03 02:35:00,33642.7,33696.38591465026,32794.60046012813,32857.08,26.45,0.782
2025-01-03 02:40:00,35034.17,39364.89702180708,35000.52496481825,39271.24,96.07,-0.102
2025-01-03 02:45:00,36903.95,39730.10521216762,36882.8291741412,39699.27,43.9,-0.081
2025-01-03 02:50:00,30393.12,35799.55411688592,30361.801794929637,35712.6,40.53,-0.846
2025-01-03 02:55:00,37994.1,38070.50955865789,31412.12589314922,31430.01,15.62,0.342
2025-01-03 03:00:00,36279.0,36303.781244290694,33655.28838921621,33745.48,53.76,0.643
2025-01-03 03:05:00,30817.59,37980.95407483162,30777.871311368286,37977.32,19.81,-0.511
2025-01-03 03:10:00,38735.79,38745.974726514236,33649.382069502564,33673.91,32.37,-0.157
2025-01-03 03:15:00,39208.72,39281.56939338474,30825.329215898404,30870.17,38.52,0.678
2025-01-03 03:20:00,30610.78,35587.81697380406,30578.72638331935,35567.85,82.79,0.754
2025-01-03 03:25:00,32768.78,38488.33709205054,32694.338074618667,38451.21,88.79,-0.514
2025-01-03 03:30:00,38062.01,38112.179916600646,37862.13800881145,37959.26,37.22,0.101
2025-01-03 03:35:00,37482.6,37555.146816845016,31707.426634330233,31751.23,87.28,-0.615
2025-01-03 03:40:00,31845.21,36738.973122325915,31759.106660002773,36727.65,87.15,-0.796
2025-01-03 03:45:00,32093.49,32245.67664052775,32036.90369264404,32205.04,78.82,0.822
2025-01-03 03:50:00,33704.72,33753.22729091427,32166.35643349058,32182.08,23.2,0.641
2025-01-03 03:55:00,34845.23,38794.80270639715,34776.16772579187,38740.72,72.13,0.52
2025-01-03 04:00:00,36182.55,36264.38606413952,32445.346550287417,32496.69,95.05,-0.902
2025-01-03 04:05:00,33689.14,33706.30781950432,32567.40934767479,32632.47,71.43,0.687
2025-01-03 04:10:00,34625.35,34706.13314518266,29917.561258742833,30006.53,39.85,-0.124
2025-01-03 04:15:00,37474.71,38775.977842769666,37430.66654293439,38706.69,55.05,-0.315
2025-01-03 04:20:00,30366.83,37981.53708141989,30276.712237678265,37925.95,68.12,0.093
2025-01-03 04:25:00,32524.37,36343.24278704026,32449.303098571832,36273.29,55.95,-0.817
2025-01-03 04:30:00,37133.5,37543.86177389517,37084.639507412205,37502.66,20.8,0.513
2025-01-03 04:35:00,38952.07,38965.90975859681,31460.167786434205,31520.49,38.09,0.165
2025-01-03 04:40:00,35116.77,35183.346524026536,34550.6818867481,34583.24,82.22,-0.627
2025-01-03 04:45:00,35321.13,35373.59723066856,33413.83027002613,33512.19,87.53,-0.624
2025-01-03 04:50:00,31071.72,31135.65748005428,30871.03488369496,30937.77,22.36,-0.632
2025-01-03 04:55:00,34474.12,34895.099878102854,34469.73531475034,34861.3,95.71,-0.886
2025-01-03 05:00:00,35326.17,39298.086657733984,35293.507809425195,39207.4,39.59,0.176
2025-01-03 05:05:00,32424.71,32483.446986857558,30338.258556624096,30400.59,69.61,0.681
2025-01-03 05:10:00,32692.43,32923.15024842909,32686.796672220076,32914.61,77.66,-0.965
2025-01-03 05:15:00,33772.84,33817.82039907044,32073.021580868084,32075.41,83.08,-0.902
2025-01-03 05:20:00,30200.71,32457.105605474364,30155.707576047218,32381.47,95.12,0.146
2025-01-03 05:25:00,33220.79,39163.76345617323,33187.520982030735,39084.35,38.16,0.639
2025-01-03 05:30:00,32114.48,34730.14970527638,32070.65013919668,34680.69,87.27,-0.347
2025-01-03 05:35:00,33274.97,34752.46475708313,33248.700669012,34662.99,21.85,-0.301
2025-01-03 05:40:00,31197.62,37632.52684371943,31181.1482253057,37605.76,73.45,0.193
2025-01-03 05:45:00,38905.27,38946.32986972382,31476.005664301963,31544.92,76.78,-0.452
2025-01-03 05:50:00,35935.92,36025.779691056894,34821.19288837322,34872.65,71.0,-0.947
2025-01-03 05:55:00,36791.02,36880.64567164715,34279.83457887506,34299.85,32.71,0.47
2025-01-03 06:00:00,37891.71,37960.281276882466,35937.151057374,35969.11,88.57,0.251
2025-01-03 06:05:00,34984.42,40081.47805471222,34925.23920923367,39995.58,25.2,0.162
2025-01-03 06:10:00,30869.2,37703.367326695625,30861.977065172752,37694.49,14.83,0.483
2025-01-03 06:15:00,35371.07,35457.569497620774,33963.914699073386,33978.66,74.57,0.35
2025-01-03 06:20:00,35868.41,38307.59199065502,35861.08543958927,38275.53,52.79,-0.588
2025-01-03 06:25:00,37454.39,37472.22315124282,31625.84826672859,31707.08,86.42,-0.295
2025-01-03 06:30:00,34316.6,34340.5369836342,30229.399076678797,30304.64,44.51,-0.748
2025-01-03 06:35:00,31275.8,32086.276850801387,31200.468706812073,32044.48,25.15,-0.74
2025-01-03 06:40:00,32837.76,33429.23920046045,32766.1274656524,33404.12,85.28,0.352
2025-01-03 06:45:00,33630.82,35137.866758601645,33563.88145763301,35105.81,59.4,0.717
2025-01-03 06:50:00,36459.17,36472.66784860716,36103.590808462184,36151.29,27.03,0.925
2025-01-03 06:55:00,35707.78,39135.6776765559,35643.552183649284,39106.06,74.83,0.257
2025-01-03 07:00:00,33560.97,35155.7683814542,33557.1338445212,35098.54,56.0,-0.632
2025-01-03 07:05:00,39865.15,39909.33537080911,34950.61355773432,35012.76,64.39,-0.789
2025-01-03 07:10:00,36057.75,36092.42187612359,30424.642229446312,30502.43,51.48,0.626
2025-01-03 07:15:00,32372.27,32446.915212885713,30299.08416396156,30349.12,84.58,0.158
2025-01-03 07:20:00,31017.82,35600.95099713933,30982.068667157277,35511.6,84.66,0.237
2025-01-03 07:25:00,31528.59,34457.46892229024,31500.847326519903,34381.79,73.84,0.563
2025-01-03 07:30:00,32459.58,38425.00007021177,32395.29979498379,38391.8,19.49,0.407
2025-01-03 07:35:00,31606.81,31681.254216783756,31537.51988013701,31606.8,85.5,0.669
2025-01-03 07:40:00,31865.67,31880.8680182474,30162.623240013745,30249.72,70.39,-0.888
2025-01-03 07:45:00,32850.95,34503.421798809126,32816.716591753895,34490.39,72.73,0.495
2025-01-03 07:50:00,31733.74,32409.35270370362,31656.762769261444,32374.79,42.67,0.702
2025-01-03 07:55:00,38967.65,39048.42023690441,30440.004417581065,30496.14,89.14,-0.428
2025-01-03 08:00:00,30802.34,37270.61482472423,30714.05635093219,37245.98,75.28,0.281
2025-01-03 08:05:00,35245.11,35251.43534088987,31063.14878917044,31115.93,20.13,-0.372
2025-01-03 08:10:00,34103.97,36096.37095352063,34052.2070171602,36083.2,46.7,0.916
2025-01-03 08:15:00,39823.79,39909.66449685296,32752.71229185591,32810.5,89.77,-0.933
2025-01-03 08:20:00,31120.39,31798.33832847473,31045.458464485757,31734.96,14.25,0.16
2025-01-03 08:25:00,33978.56,34003.88011633699,33701.05095211715,33797.52,96.53,-0.667
2025-01-03 08:30:00,39694.7,39750.22958253282,38007.103664578426,38014.46,71.12,0.424
2025-01-03 08:35:00,38655.07,38707.82796224253,33915.5965397609,33920.94,66.82,-0.648
2025-01-03 08:40:00,38170.72,38236.26359784407,37413.94496625926,37507.7,34.35,-0.529
2025-01-03 08:45:00,32579.03,32602.34875544216,31201.87243744818,31254.86,32.39,-0.011
2025-01-03 08:50:00,31708.88,37814.15029871944,31647.389698543306,37727.71,94.79,0.83
2025-01-03 08:55:00,36686.43,36717.366856208,32321.087639840527,32369.33,36.84,-0.577
2025-01-03 09:00:00,39293.76,39363.173165397624,36764.564254739256,36773.93,79.8,-0.712
2025-01-03 09:05:00,35567.63,35659.43246463722,35490.82106215813,35657.82,45.38,0.518
2025-01-03 09:10:00,35716.13,39328.71571298941,35641.40753549114,39291.45,22.53,0.001
2025-01-03 09:15:00,32799.79,33908.40098179589,32768.61966785072,33873.23,10.96,0.824
2025-01-03 09:20:00,37694.93,37749.2784428583,30631.026075477163,30661.65,58.98,-0.707
2025-01-03 09:25:00,31870.44,31877.71362617772,30107.765861909447,30191.55,97.82,0.292
2025-01-03 09:30:00,33236.79,38347.60313737261,33229.55427422587,38268.59,43.22,-0.534
2025-01-03 09:35:00,34254.36,35269.13808017676,34166.24948516434,35247.36,42.15,-0.686
2025-01-03 09:40:00,35076.1,37820.1437814882,35050.43383101041,37752.44,40.97,0.367
2025-01-03 09:45:00,32424.1,32504.421212324407,32284.961525224448,32344.26,56.85,0.187
2025-01-03 09:50:00,31148.37,33507.02769562415,31054.77058209982,33450.84,49.66,0.51
2025-01-03 09:55:00,36106.2,36180.288320672196,30233.227749846337,30301.04,89.19,-0.381
2025-01-03 10:00:00,32886.31,39681.1060312215,32844.86701875329,39614.92,55.5,-0.104
2025-01-03 10:05:00,35812.38,36714.2329797152,35743.42657910946,36678.68,55.7,-0.189
2025-01-03 10:10:00,31543.63,39412.93585390336,31509.232036368365,39332.05,22.45,0.968
2025-01-03 10:15:00,34811.4,34840.87013698855,32627.23415836508,32654.96,98.45,-0.416
2025-01-03 10:20:00,35325.89,36171.761291775154,35226.221672206535,36114.64,32.5,-0.41
2025-01-03 10:25:00,30518.24,36859.539773914155,30443.160976882024,36785.0,16.6,-0.291
2025-01-03 10:30:00,33366.04,33403.93559098125,33111.02800226182,33175.5,69.68,0.129
2025-01-03 10:35:00,31344.15,38511.36676076174,31308.62103567807,38481.09,63.58,-0.495
2025-01-03 10:40:00,30633.75,39517.54460101728,30628.833917084496,39471.61,47.36,0.831
2025-01-03 10:45:00,39899.6,39981.396349434915,38845.44431239649,38848.55,48.0,-0.469
2025-01-03 10:50:00,33223.54,37483.66217631457,33168.12187445512,37390.67,80.66,0.792
2025-01-03 10:55:00,38098.74,38153.24834128599,32698.446727896095,32774.65,27.61,-0.793
2025-01-03 11:00:00,32546.41,32882.30662053237,32492.672080955614,32816.16,83.82,0.313
2025-01-03 11:05:00,36815.03,39723.92736222389,36730.95149280609,39633.6,68.39,0.814
2025-01-03 11:10:00,37602.28,37612.134685141296,30099.497346690678,30102.84,47.71,-0.663
2025-01-03 11:15:00,35956.39,37183.70785778662,35919.71479235741,37160.5,51.22,0.937
2025-01-03 11:20:00,34715.76,37133.350000625156,34692.05296088258,37062.46,33.1,-0.094
2025-01-03 11:25:00,34118.41,36309.27444619123,34073.68270318429,36226.9,77.69,0.891
2025-01-03 11:30:00,33488.68,39986.792902833055,33481.44236068059,39901.09,56.16,0.354
2025-01-03 11:35:00,39295.29,39336.800717685495,33023.37683584289,33118.79,38.88,-0.397
2025-01-03 11:40:00,38306.19,38315.123990229185,33377.39445989307,33399.72,63.64,-0.623
2025-01-03 11:45:00,39650.27,39694.04814772996,30697.159222451643,30789.39,99.62,-0.393
2025-01-03 11:50:00,31242.97,34451.05345902071,31200.380684496333,34427.98,49.17,-0.814
2025-01-03 11:55:00,37308.67,37337.78964549966,32511.93758667448,32610.49,92.86,-0.712
2025-01-03 12:00:00,39383.4,39460.626755683756,33378.46416165398,33433.87,41.05,-0.791
2025-01-03 12:05:00,31812.33,38353.27270860259,31719.246713582423,38345.72,14.93,-0.154
2025-01-03 12:10:00,30664.96,39437.60812174807,30664.425101130575,39354.85,28.38,0.591
2025-01-03 12:15:00,37411.21,37453.976908582415,31782.506119381913,31857.33,47.68,-0.717
2025-01-03 12:20:00,35744.73,35804.33639311006,33634.78493468974,33725.09,29.77,-0.739
2025-01-03 12:25:00,38418.29,39295.275223123565,38404.31794330211,39286.31,10.02,0.287
2025-01-03 12:30:00,31397.72,31431.45590783573,30608.467414826788,30618.08,92.35,-0.606
2025-01-03 12:35:00,37952.67,37961.640091901485,30881.152739281406,30923.61,85.95,-0.805
2025-01-03 12:40:00,32016.27,32112.42437228811,31534.542109386708,31627.91,76.81,-0.666
2025-01-03 12:45:00,31636.56,36032.85616493262,31582.32134398096,35952.13,25.1,0.847
2025-01-03 12:50:00,31642.66,31688.623275435646,31451.97435362783,31504.72,20.83,0.643
2025-01-03 12:55:00,38145.75,39703.12025483237,38131.63738817007,39680.76,16.08,-0.292
2025-01-03 13:00:00,36651.97,36745.31551052499,34467.07104889068,34467.15,75.16,0.312
2025-01-03 13:05:00,35230.65,35265.1096595727,34934.16599092545,35015.18,93.59,0.075
2025-01-03 13:10:00,33588.3,33604.39844316874,32457.832543701377,32466.59,48.75,0.354
2025-01-03 13:15:00,38772.01,38828.3264388454,34646.215018126466,34709.6,20.72,0.365
2025-01-03 13:20:00,33924.45,36713.51741203448,33832.98835454848,36619.14,56.12,0.257
2025-01-03 13:25:00,38165.99,38166.37302905003,37490.90480868415,37511.77,41.39,-0.468
2025-01-03 13:30:00,34391.35,37562.4924843254,34324.82271637631,37538.68,43.73,-0.922
2025-01-03 13:35:00,33769.44,35872.75476404104,33761.57014232925,35778.91,65.92,-0.089
2025-01-03 13:40:00,34626.8,39060.70859668571,34566.42448561624,39043.6,74.68,0.782
2025-01-03 13:45:00,33013.78,38185.40434516398,32997.38682790468,38174.08,19.95,0.139
2025-01-03 13:50:00,37476.09,37627.498721579985,37402.49464394848,37570.48,13.2,0.665
2025-01-03 13:55:00,35027.2,35113.38438232948,30525.93687052061,30556.06,99.49,0.983
2025-01-03 14:00:00,32322.13,32369.840981769394,30022.440899119534,30068.78,30.95,-0.673
2025-01-03 14:05:00,38995.75,39095.20642566845,32064.52694579724,32124.47,14.84,0.384
2025-01-03 14:10:00,33838.91,36703.157169953796,33821.78265893338,36635.24,27.09,0.349
2025-01-03 14:15:00,35435.53,35442.937490721044,34037.80621813824,34111.97,13.51,0.96
2025-01-03 14:20:00,39064.72,39164.0032131682,33993.79596593632,34024.06,45.26,0.971
2025-01-03 14:25:00,36242.38,38886.65942367802,36176.14281400872,38845.87,82.22,0.373
2025-01-03 14:30:00,31168.98,38984.37025338454,31153.151694930064,38955.63,40.71,-0.513
2025-01-03 14:35:00,39398.32,39454.10791835779,39022.93823407937,39091.75,49.98,0.597
2025-01-03 14:40:00,36277.08,36307.510759182085,33125.961192718954,33138.78,70.8,-0.786
2025-01-03 14:45:00,33349.06,36919.20575071201,33306.524350373,36910.56,55.8,0.561
2025-01-03 14:50:00,31392.72,32716.47283430792,31367.999392626112,32716.33,87.53,0.82
2025-01-03 14:55:00,37940.25,37985.20833529202,31831.26247505718,31906.1,87.94,-0.234
2025-01-03 15:00:00,36200.73,36284.41634222266,31820.116499549313,31846.32,10.89,0.261
2025-01-03 15:05:00,35334.61,35391.84151856301,33332.908269360465,33421.08,80.02,-0.14
2025-01-03 15:10:00,38938.93,39038.850729894344,34210.39797885934,34299.58,51.47,-0.124
2025-01-03 15:15:00,37885.97,38338.174664564714,37866.325868477725,38309.49,99.0,-0.379
2025-01-03 15:20:00,31516.75,31544.795506476006,31137.52540549923,31198.91,53.49,0.524
2025-01-03 15:25:00,33117.22,37365.234946023396,33108.44823582801,37349.26,98.82,0.872
2025-01-03 15:30:00,32484.89,35330.95635882654,32445.736290039837,35314.55,77.91,0.882
2025-01-03 15:35:00,37439.46,37467.978659601,32808.11782704987,32879.45,32.37,-0.65
2025-01-03 15:40:00,30335.32,35007.48400452735,30269.37767531501,34928.2,58.46,0.749
2025-01-03 15:45:00,35698.9,35789.475679063646,32936.94993305934,32999.42,99.29,0.475
2025-01-03 15:50:00,37624.59,37722.098716970766,35932.565913633756,35960.82,87.18,-0.494
2025-01-03 15:55:00,38767.66,38790.88896540965,34300.63750505656,34338.44,18.76,-0.865
2025-01-03 16:00:00,33420.82,33508.94975456141,31633.765385529972,31644.06,73.57,-0.464
2025-01-03 16:05:00,38212.57,38245.39550892774,31093.92771795664,31165.83,41.1,0.824
2025-01-03 16:10:00,31106.32,35478.24405445169,31055.93112032087,35466.96,10.63,0.266
2025-01-03 16:15:00,38464.52,39111.13249255202,38393.64343676543,39024.13,46.31,0.442
2025-01-03 16:20:00,31274.89,33503.19056346436,31249.99564752031,33439.58,31.13,-0.486
2025-01-03 16:25:00,33972.87,37346.47308960811,33940.4261771365,37330.0,83.7,0.439
2025-01-03 16:30:00,37972.95,38015.9331257513,36553.18846627399,36586.61,40.36,-0.944
2025-01-03 16:35:00,31499.17,39344.27576948771,31496.595759025276,39315.55,84.48,-0.249
2025-01-03 16:40:00,32292.51,38283.489456871015,32258.405212716934,38209.81,10.05,0.254
2025-01-03 16:45:00,37222.53,37267.87162306243,35585.7195426482,35666.05,37.7,-0.708
2025-01-03 16:50:00,37200.37,37299.29799451064,36480.57015042503,36570.3,31.7,0.646
2025-01-03 16:55:00,36411.48,38989.33449822596,36359.658168436414,38983.86,31.02,-0.53
2025-01-03 17:00:00,36939.48,36974.98152661363,33949.63983047808,33995.19,16.14,0.305
2025-01-03 17:05:00,35427.24,35475.430016711,33264.86753813006,33267.95,26.84,-0.19
2025-01-03 17:10:00,32517.99,32568.303355474833,30020.18956624146,30108.11,60.0,0.192
2025-01-03 17:15:00,33456.96,38297.10358223857,33455.65897865741,38265.51,36.22,-0.785
2025-01-03 17:20:00,31815.98,38082.734024909754,31721.504991978978,38009.81,47.57,-0.966
2025-01-03 17:25:00,39084.51,39171.9847073489,30995.62837513119,31044.55,43.92,0.819
2025-01-03 17:30:00,35833.92,35927.79193019778,35734.376550642526,35768.57,88.83,-0.461
2025-01-03 17:35:00,34008.51,34720.329337679956,33916.08815651573,34639.82,91.48,0.639
2025-01-03 17:40:00,34620.06,34705.11801973066,31184.65090068899,31187.09,54.37,0.999
2025-01-03 17:45:00,39472.83,39860.734530062,39414.6875105131,39805.68,39.71,-0.577
2025-01-03 17:50:00,31533.51,32229.548822642682,31478.616747550066,32146.96,19.61,-0.47
2025-01-03 17:55:00,35862.3,35892.6503909148,30650.407959878863,30672.34,95.81,0.326
2025-01-03 18:00:00,35058.89,35988.317876210924,35016.001256864976,35948.47,15.42,0.931
2025-01-03 18:05:00,36114.54,37420.361301381854,36049.31359940562,37388.67,36.79,0.832
2025-01-03 18:10:00,30181.1,30371.168733544793,30108.386880311806,30324.43,36.83,0.006
2025-01-03 18:15:00,38721.24,38749.79796162386,36587.10831412934,36587.18,38.84,0.59
2025-01-03 18:20:00,39321.18,39417.341144225444,35229.2346569909,35322.92,24.79,-0.729
2025-01-03 18:25:00,35651.33,35682.61446280057,31016.19746276072,31032.65,80.48,0.955
2025-01-03 18:30:00,36966.51,36976.314453811094,31701.881956577767,31725.24,21.02,0.929
2025-01-03 18:35:00,39224.99,39277.67171660504,35653.392655430616,35679.74,67.14,-0.673
2025-01-03 18:40:00,37072.39,37078.09990784452,32959.7979863448,32963.58,21.15,-0.401
2025-01-03 18:45:00,31525.39,39394.21431663086,31513.084787640968,39383.16,16.35,-0.8
2025-01-03 18:50:00,35762.88,38209.33893891962,35664.245007705584,38187.4,91.85,-0.457
2025-01-03 18:55:00,36067.15,39882.10502498821,36035.628326262275,39835.67,27.11,0.632
2025-01-03 19:00:00,34241.31,34284.6350932309,32585.179890966094,32596.71,83.91,-0.243
2025-01-03 19:05:00,37364.44,39777.20918620028,37353.74087388254,39697.24,59.02,-0.823
2025-01-03 19:10:00,39343.67,39417.61746538841,34240.394003233,34312.34,17.01,-0.316
2025-01-03 19:15:00,39255.69,39298.32182939907,33389.73313359674,33475.19,95.99,0.963
2025-01-03 19:20:00,34508.39,34541.760420757564,30477.80477004915,30503.5,32.23,0.259
2025-01-03 19:25:00,31132.38,31164.02687840615,30525.559048766478,30527.65,87.37,-0.168
2025-01-03 19:30:00,39848.41,39925.809508729406,36897.800998155464,36920.11,25.19,-0.667
2025-01-03 19:35:00,38388.98,38394.18724062213,34573.63843092033,34579.29,86.85,0.972
2025-01-03 19:40:00,31246.63,32266.50216495106,31236.290506336998,32265.22,11.19,0.642
2025-01-03 19:45:00,39208.42,39287.974439192665,36096.54918801523,36139.7,56.06,-0.437
2025-01-03 19:50:00,38698.96,38746.6746375989,32505.58816291384,32528.58,79.25,-0.86
2025-01-03 19:55:00,35188.38,35789.40811385536,35136.78541214745,35776.32,94.13,-0.887
2025-01-03 20:00:00,35912.75,35936.30659345945,33566.740624674276,33592.09,91.83,-0.759
2025-01-03 20:05:00,33990.03,38328.77039530974,33895.9762698897,38235.52,83.77,0.162
2025-01-03 20:10:00,30547.62,38292.91029756249,30457.025603207374,38206.96,89.94,0.858
2025-01-03 20:15:00,33351.97,34844.478505022395,33295.289389498954,34773.5,27.93,-0.007
2025-01-03 20:20:00,38028.53,38076.752523033734,33472.74760080127,33508.19,35.58,0.686
2025-01-03 20:25:00,30046.32,33677.63236261914,30008.205311796526,33625.6,36.01,-0.108
2025-01-03 20:30:00,33334.99,38154.674453528394,33293.80477168555,38057.15,43.93,0.417
2025-01-03 20:35:00,33981.69,34078.267044388434,33209.03206778651,33281.79,45.4,0.464
2025-01-03 20:40:00,35373.96,35395.48690457858,32045.426100448116,32090.59,59.01,-0.652
2025-01-03 20:45:00,39198.56,39279.67045663053,30761.20700534941,30846.88,24.39,-0.278
2025-01-03 20:50:00,33463.46,34686.6542666167,33369.05052140696,34666.93,72.21,0.275
2025-01-03 20:55:00,33469.53,34842.673747788394,33435.93538466211,34821.32,25.08,-0.859
2025-01-03 21:00:00,37375.01,38476.699303416455,37318.94055186243,38409.09,37.93,-0.277
2025-01-03 21:05:00,34522.18,34562.68010985875,32202.884346316743,32212.39,55.3,0.07
2025-01-03 21:10:00,32246.05,33903.06444071065,32226.003095223365,33809.91,81.68,0.992
2025-01-03 21:15:00,34524.4,38092.9609734896,34483.05342332899,38084.06,76.55,-0.051
2025-01-03 21:20:00,31408.57,38287.39256408095,31387.94972840982,38236.24,68.1,0.632
2025-01-03 21:25:00,31763.87,33937.96215304431,31676.213950921127,33846.11,24.02,-0.136
2025-01-03 21:30:00,34983.68,35074.09136604795,34575.41137439409,34591.24,59.23,0.593
2025-01-03 21:35:00,34189.25,34204.90292134157,32987.29391784469,33032.86,17.87,0.191
2025-01-03 21:40:00,39148.46,39362.21377000965,39087.89007595401,39325.55,43.96,0.773
2025-01-03 21:45:00,33623.94,33685.852140004674,31117.253609183914,31186.44,47.22,-0.178
2025-01-03 21:50:00,35805.88,39353.42948847714,35767.57306302735,39337.49,13.58,0.209
2025-01-03 21:55:00,36322.64,36935.46221720458,36235.730093127524,36838.66,34.66,0.26
2025-01-03 22:00:00,30130.94,35407.194932872764,30074.108084892207,35315.72,96.01,-0.165
2025-01-03 22:05:00,36635.37,36652.06501790345,30282.639221955244,30326.59,95.83,-0.711
2025-01-03 22:10:00,31780.36,34768.0755461261,31773.635936594797,34755.96,41.71,-0.813
2025-01-03 22:15:00,39610.7,39619.240848280824,34031.01105315549,34077.48,13.88,-0.967
2025-01-03 22:20:00,31486.63,31703.13436640366,31404.55641591843,31612.19,26.12,0.747
2025-01-03 22:25:00,34146.24,36583.462380979545,34084.78589817787,36564.1,45.3,-0.527
2025-01-03 22:30:00,30853.5,39753.138492854436,30770.28375462709,39711.51,95.3,-0.577
2025-01-03 22:35:00,39968.74,40013.6251365652,35572.48883294007,35621.89,22.71,0.472
2025-01-03 22:40:00,35021.95,37207.431104421354,35010.10382949055,37147.53,78.72,-0.36
2025-01-03 22:45:00,35953.85,35961.02353437474,30683.13601541641,30684.5,19.78,0.012
2025-01-03 22:50:00,30670.76,34199.34586174005,30640.43804532814,34176.67,98.31,-0.675
2025-01-03 22:55:00,37499.6,37592.749038691894,31093.780952850222,31163.58,44.35,0.919
2025-01-03 23:00:00,32099.06,36218.80101072686,32020.03400960583,36127.96,79.77,0.703
2025-01-03 23:05:00,38980.54,39462.94906474057,38950.964716537965,39384.82,40.83,0.728
2025-01-03 23:10:00,32051.4,36619.72012456182,32001.834607911678,36617.78,66.49,-0.186
2025-01-03 23:15:00,31906.88,31939.58067684961,30725.91810955659,30768.03,27.28,0.525
2025-01-03 23:20:00,30365.5,33609.455873534294,30324.44772156486,33546.66,23.14,-0.712
2025-01-03 23:25:00,34720.67,35534.14902117734,34697.535128679985,35506.63,94.43,-0.983
2025-01-03 23:30:00,35648.41,35739.368669505384,34018.442889497055,34032.08,92.59,-0.96
2025-01-03 23:35:00,30657.09,38399.82894618325,30637.42114417688,38336.44,89.87,0.173
2025-01-03 23:40:00,37755.28,38153.900671731644,37749.74676128366,38146.71,66.29,-0.089
2025-01-03 23:45:00,34532.89,36209.21055888357,34513.076925817644,36118.31,82.74,0.036
2025-01-03 23:50:00,35243.9,35339.67666581762,33733.65991023746,33734.58,16.21,-0.985
2025-01-03 23:55:00,34407.63,34415.40124183917,32490.634159936402,32553.36,40.13,-0.155
2025-01-04 00:00:00,34007.63,34060.86602348613,31027.102459261234,31058.74,38.23,0.436
2025-01-04 00:05:00,35596.4,35626.73642822142,33451.66552885731,33548.98,67.21,-0.115
2025-01-04 00:10:00,31552.4,34171.01390764814,31533.028294922373,34131.73,42.04,0.464
2025-01-04 00:15:00,31819.28,36776.195121795536,31784.69714296904,36758.23,23.37,-0.534
2025-01-04 00:20:00,38617.86,38675.667210201245,36545.815884135845,36581.6,63.68,0.626
2025-01-04 00:25:00,39461.15,39556.94793532489,30700.234850393757,30701.08,83.29,0.177
2025-01-04 00:30:00,33733.09,34002.89726002716,33649.16920469605,33952.59,44.39,-0.578
2025-01-04 00:35:00,32707.45,32715.741458139448,31814.590553985567,31817.79,21.9,-0.527
2025-01-04 00:40:00,36440.0,36502.00013334774,31474.112016527077,31568.13,27.7,0.256
2025-01-04 00:45:00,34087.34,38307.04229944512,33998.132564890635,38273.02,31.37,0.66
2025-01-04 00:50:00,30253.86,30504.74251895913,30200.307808391404,30419.15,36.99,-0.169
2025-01-04 00:55:00,31561.53,34235.29781483165,31507.17044250887,34191.83,67.85,-0.483
2025-01-04 01:00:00,37159.72,37179.003960894224,31616.662207704387,31682.04,64.09,0.734
2025-01-04 01:05:00,36589.24,38812.41056226912,36550.534998806506,38793.3,72.65,0.339
2025-01-04 01:10:00,30270.96,35647.28641807212,30206.237771660213,35570.41,42.63,-0.104
2025-01-04 01:15:00,32219.72,32340.368759830737,32215.24316113115,32313.81,84.16,-0.024
2025-01-04 01:20:00,32310.75,35100.993339415916,32305.345237265028,35024.27,28.37,-0.591
2025-01-04 01:25:00,36718.93,37335.44873107666,36673.20695803805,37314.86,52.21,0.254
2025-01-04 01:30:00,30197.11,39613.348636870134,30142.147769889398,39581.18,82.08,-0.283
2025-01-04 01:35:00,31041.09,32251.008697243968,30952.30823596642,32204.46,26.21,0.991
2025-01-04 01:40:00,37999.16,38956.13958496934,37988.69393660921,38861.82,19.89,-0.04
2025-01-04 01:45:00,31785.45,39436.21314247538,31703.18520728061,39343.04,89.53,-0.028
2025-01-04 01:50:00,36527.46,39184.89718754223,36506.455266270794,39164.21,40.86,0.132
2025-01-04 01:55:00,32381.83,36389.961904124306,32342.421635149,36354.14,71.55,0.834
2025-01-04 02:00:00,30994.41,36313.149938845374,30962.74975651726,36298.21,12.28,0.602
2025-01-04 02:05:00,32431.72,34083.10850793135,32391.70447271346,34032.11,72.1,-0.098
2025-01-04 02:10:00,37222.67,37570.03825506947,37207.62045019274,37523.98,38.45,0.437
2025-01-04 02:15:00,38556.96,38647.036016245074,35262.58299255965,35312.94,15.02,0.172
2025-01-04 02:20:00,38302.2,38395.20053777911,36694.21574101686,36774.38,64.88,-0.015
2025-01-04 02:25:00,33971.84,34322.93673910073,33927.68659896211,34284.58,31.67,-0.615
2025-01-04 02:30:00,36680.85,37364.133794301895,36631.78864241018,37314.96,44.81,-0.072
2025-01-04 02:35:00,32049.84,38334.34362491462,31964.96324147187,38244.72,17.25,-0.508
2025-01-04 02:40:00,32931.48,33012.15078077451,31393.754188536197,31464.36,23.24,0.83
2025-01-04 02:45:00,38963.36,38963.72563113447,38280.25455914802,38329.3,36.82,-0.329
2025-01-04 02:50:00,30130.02,35434.97595641836,30104.250435181082,35402.97,18.08,0.905
2025-01-04 02:55:00,30855.09,38488.83742419362,30766.597325315503,38446.66,91.97,0.066
2025-01-04 03:00:00,32078.86,34335.99162836832,32021.157959830944,34313.02,10.54,0.263
2025-01-04 03:05:00,30265.32,33810.35716158959,30243.20523898893,33790.4,53.55,0.086
2025-01-04 03:10:00,31814.35,39154.38845065957,31787.4380247362,39150.61,21.09,-0.741
2025-01-04 03:15:00,35830.42,35894.75697250698,32431.376691106376,32511.69,37.69,-0.248
2025-01-04 03:20:00,34214.25,38468.37102904832,34209.83544379126,38442.12,93.35,-0.802
2025-01-04 03:25:00,38926.72,38931.95471784313,34741.000781297116,34840.21,24.55,0.246
2025-01-04 03:30:00,38174.44,38197.53793105281,35127.91483202852,35140.95,96.92,-0.106
2025-01-04 03:35:00,33418.17,33498.36139528361,33005.07314746031,33084.68,28.52,0.556
2025-01-04 03:40:00,32594.23,35815.56891816465,32554.752468322833,35730.42,76.74,-0.559
2025-01-04 03:45:00,33796.92,33845.22662451933,33202.888381671255,33252.11,59.2,-0.671
2025-01-04 03:50:00,35902.95,35944.55706704086,30304.62494225354,30392.69,89.6,-0.187
2025-01-04 03:55:00,32680.64,32817.77536935018,32639.348881041078,32719.99,59.86,0.853
2025-01-04 04:00:00,36241.49,36261.5464659588,30010.04062463268,30063.79,58.11,0.421
2025-01-04 04:05:00,34094.12,39805.085928285465,34089.190033759085,39783.55,27.59,-0.162
2025-01-04 04:10:00,35520.47,39686.65671770364,35520.23525261325,39657.47,24.96,0.035
2025-01-04 04:15:00,34361.27,34378.545731828104,33927.07001269983,33951.55,92.48,-0.832
2025-01-04 04:20:00,32944.66,37321.646559820416,32876.60169070813,37283.71,39.51,0.969
2025-01-04 04:25:00,39484.53,39575.613422698974,33445.93351066409,33458.06,43.49,0.333
2025-01-04 04:30:00,37636.06,37697.59478406286,36699.55380411955,36710.93,78.38,-0.429
2025-01-04 04:35:00,31401.13,38095.49465486123,31360.03393919641,38054.3,40.49,0.172
2025-01-04 04:40:00,38684.68,39561.00107945712,38619.89629613918,39467.56,95.69,-0.781
2025-01-04 04:45:00,34874.31,34879.15642324758,33930.91280077521,34002.12,76.41,0.932
2025-01-04 04:50:00,38945.52,38966.54761779018,37815.13493259017,37832.98,63.77,-0.65
2025-01-04 04:55:00,37998.55,38055.13886051018,32651.321185262794,32659.28,89.28,0.296
2025-01-04 05:00:00,34252.14,39964.875262319314,34158.100296605444,39903.32,14.46,-0.509
2025-01-04 05:05:00,30224.69,30261.65575065626,30198.62336174379,30257.7,33.14,0.435
2025-01-04 05:10:00,32686.77,36075.59387579071,32601.435350239128,36035.29,51.85,0.554
2025-01-04 05:15:00,35416.34,36659.97539648308,35329.990854953714,36595.06,30.43,0.347
2025-01-04 05:20:00,36334.78,36950.26705464034,36257.527740823745,36880.46,76.95,0.229
2025-01-04 05:25:00,32578.88,32642.693990251628,31186.996639334742,31203.88,92.73,0.785
2025-01-04 05:30:00,31393.56,39417.3563224361,31311.37985407458,39385.3,48.14,-0.843
2025-01-04 05:35:00,38349.3,38358.652012359795,31734.904944075843,31811.83,40.79,-0.338
2025-01-04 05:40:00,39844.02,39886.73124464193,36167.85770098938,36227.53,96.54,-0.503
2025-01-04 05:45:00,35256.9,35269.775443736806,32193.039796483103,32226.76,50.04,0.976
2025-01-04 05:50:00,31716.79,33166.92236585207,31690.539139573346,33072.16,54.01,-0.221
2025-01-04 05:55:00,32723.07,35512.10708660226,32710.881078791965,35464.59,41.65,0.465
2025-01-04 06:00:00,30183.91,34203.65591743569,30132.934293309914,34171.93,91.86,0.369
2025-01-04 06:05:00,39142.99,39219.620407111885,31543.733912449014,31602.26,61.21,-0.576
2025-01-04 06:10:00,31177.51,31759.154859258226,31141.57610094842,31709.36,78.6,-0.522
2025-01-04 06:15:00,35765.16,35796.163402401246,34133.91409323191,34181.45,83.06,-0.437
2025-01-04 06:20:00,32740.55,37654.02677423908,32704.198554263072,37572.83,40.77,-0.178
2025-01-04 06:25:00,35541.78,39066.365215100115,35477.67939426793,38979.65,49.03,-0.531
2025-01-04 06:30:00,36514.2,36581.50081662887,30751.15407922034,30841.28,86.36,-0.961
2025-01-04 06:35:00,38297.42,38302.11644224077,33914.647973795305,33931.04,42.69,0.759
2025-01-04 06:40:00,32064.21,32120.84228801665,30964.319119009688,31002.46,81.45,0.931
2025-01-04 06:45:00,30109.96,30242.249491199727,30095.87313960491,30165.92,94.69,-0.317
2025-01-04 06:50:00,31368.86,36630.84030120836,31306.365622959216,36617.19,66.09,-0.323
2025-01-04 06:55:00,39000.19,39023.057075138466,35951.602949051136,36024.49,76.75,-0.986
2025-01-04 07:00:00,38738.9,38827.14951050682,31536.998726740254,31630.19,82.46,0.361
2025-01-04 07:05:00,35974.13,35976.142172185304,32310.242807373903,32338.13,86.05,0.651
2025-01-04 07:10:00,36005.17,36080.4427137826,30142.05887941346,30237.08,45.55,-0.707
2025-01-04 07:15:00,36650.37,38396.847329251446,36644.04373281793,38349.47,14.61,-0.681
2025-01-04 07:20:00,31753.71,39791.58721588396,31693.40861366354,39746.91,46.17,0.58
2025-01-04 07:25:00,39144.12,39144.82965324949,31348.886728065667,31354.6,70.64,0.233
2025-01-04 07:30:00,34187.71,34269.649823096646,32225.372581223804,32314.75,50.53,-0.91
2025-01-04 07:35:00,33831.39,38720.08249006366,33778.40909429299,38684.1,77.41,0.245
2025-01-04 07:40:00,35189.18,39318.71656313005,35122.24516492372,39264.64,42.13,-0.382
2025-01-04 07:45:00,30469.66,34264.00006863356,30386.502607408955,34196.27,67.13,-0.263
2025-01-04 07:50:00,31662.83,31733.092957643792,30491.188937751605,30506.22,26.78,0.539
2025-01-04 07:55:00,37380.34,37475.93800588261,30390.060843806186,30393.92,77.44,0.622
2025-01-04 08:00:00,30827.99,35792.63399532366,30740.101885408716,35739.5,59.11,-0.199
2025-01-04 08:05:00,36031.52,36071.49195509744,33897.4566772541,33928.95,28.37,0.894
2025-01-04 08:10:00,32453.49,32548.86036264917,30273.622109207285,30286.52,36.27,-0.187
2025-01-04 08:15:00,33892.96,35896.73102350255,33846.11387629129,35832.52,77.37,0.544
2025-01-04 08:20:00,32886.94,32916.755035627655,30053.199392430397,30113.03,53.43,-0.032
2025-01-04 08:25:00,33556.73,37886.366424540356,33553.63293965775,37873.72,29.44,0.795
2025-01-04 08:30:00,37190.46,37274.71545014652,33036.84043417429,33064.33,97.05,0.816
2025-01-04 08:35:00,32971.22,33007.43816027942,30399.300012572312,30402.58,74.36,-0.825
2025-01-04 08:40:00,35664.05,35949.56697213644,35622.01646108045,35883.52,96.14,0.873
2025-01-04 08:45:00,34760.5,34807.58164193659,33887.32999709337,33976.84,48.44,0.651
2025-01-04 08:50:00,36636.71,39757.89297797951,36538.444758850645,39738.0,52.76,0.583
2025-01-04 08:55:00,39368.3,39428.46866086205,35378.28524464963,35441.99,90.82,-0.598
2025-01-04 09:00:00,37325.72,37331.78830689507,32736.22623062154,32752.39,57.25,0.61
2025-01-04 09:05:00,32149.4,37135.72424598712,32058.81506100007,37094.39,73.66,0.7
2025-01-04 09:10:00,30311.83,32769.58149396637,30260.205217679995,32714.92,32.7,-0.422
2025-01-04 09:15:00,32622.64,39086.03469741186,32607.265068789708,39042.43,50.21,0.905
2025-01-04 09:20:00,35950.78,36025.6472175251,33655.047333054834,33747.22,21.11,-0.9
2025-01-04 09:25:00,30514.26,35581.48249545453,30438.513094927686,35498.69,28.54,-0.7
2025-01-04 09:30:00,34963.66,35040.78430740332,30432.559472727684,30505.73,10.08,0.075
2025-01-04 09:35:00,35968.43,35972.31129478118,34190.29192962056,34261.21,13.53,0.152
2025-01-04 09:40:00,33342.44,38343.052877044596,33322.40601789036,38323.64,97.96,0.29
2025-01-04 09:45:00,37709.12,38110.150750926376,37688.01933082925,38056.49,31.81,-0.966
2025-01-04 09:50:00,31065.98,32336.67220404438,30997.150700157275,32243.19,69.7,0.921
2025-01-04 09:55:00,30751.38,32344.285677505213,30729.40772498896,32260.79,85.52,-0.911
2025-01-04 10:00:00,37281.89,38257.303450835185,37238.02283031969,38173.05,59.56,-0.714
2025-01-04 10:05:00,34954.91,39334.300819375974,34876.70981744061,39303.98,23.78,-0.972
2025-01-04 10:10:00,36884.02,36926.96478970787,30875.214748190218,30953.61,75.53,0.134
2025-01-04 10:15:00,34348.27,34547.66059473159,34302.94382274741,34500.59,64.02,0.865
2025-01-04 10:20:00,32464.02,33390.27715833499,32384.801006172474,33374.54,75.81,0.332
2025-01-04 10:25:00,38191.02,38709.98681302444,38107.15782038019,38706.88,79.28,0.645
2025-01-04 10:30:00,37994.16,38088.85028994606,30769.772424871575,30835.25,97.79,-0.973
2025-01-04 10:35:00,36946.96,36971.03125856635,32088.417414769156,32111.26,61.62,0.084
2025-01-04 10:40:00,32721.45,37548.674890372364,32694.048821961445,37524.68,40.75,-0.081
2025-01-04 10:45:00,35902.31,35910.64790537687,30481.455884459127,30512.94,68.36,-0.002
2025-01-04 10:50:00,33609.74,35018.200775194375,33598.0595892266,34925.35,16.16,-0.856
2025-01-04 10:55:00,30915.82,34479.04371149398,30888.504037963005,34421.07,90.77,0.369
2025-01-04 11:00:00,39173.14,39239.843685712534,33323.05807756875,33344.01,20.74,0.006
2025-01-04 11:05:00,31368.19,34036.87768872631,31322.657125019137,33945.72,39.51,0.53
2025-01-04 11:10:00,39502.37,39536.93201689008,35208.56624521278,35299.41,83.42,-0.029
2025-01-04 11:15:00,34460.06,34522.2107311138,31603.221968324604,31613.67,63.76,-0.701
